Order_ID,Warehouse_Zone,Picker_ID,Items_Picked,Processing_Time_Minutes,Errors,Shift,Day_of_Week
10001,C,P03,11,36,1,Day,Friday
10002,D,P07,36,31,1,Day,Wednesday
10003,A,P07,23,37,0,Night,Saturday
10004,C,P07,10,20,0,Day,Tuesday
10005,C,P04,24,34,2,Night,Monday
10006,D,P07,31,38,1,Night,Thursday
10007,A,P05,11,48,0,Day,Tuesday
10008,A,P03,9,41,0,Day,Thursday
10009,C,P08,15,49,0,Night,Saturday
10010,B,P07,19,55,0,Night,Thursday
10011,C,P01,7,52,0,Night,Saturday
10012,C,P08,9,46,0,Day,Wednesday
10013,C,P04,27,42,0,Night,Friday
10014,C,P05,13,32,0,Day,Monday
10015,D,P01,19,49,0,Night,Monday
10016,A,P01,7,58,0,Night,Tuesday
10017,D,P01,33,45,0,Night,Sunday
10018,D,P01,10,61,1,Day,Monday
10019,D,P08,21,26,1,Day,Wednesday
10020,C,P08,30,30,0,Night,Monday
10021,B,P03,25,50,0,Night,Tuesday
10022,A,P07,12,44,2,Night,Monday
10023,B,P06,25,55,0,Day,Friday
10024,D,P03,15,41,0,Day,Saturday
10025,D,P03,12,33,0,Day,Thursday
10026,B,P05,28,39,0,Day,Thursday
10027,B,P05,39,26,0,Day,Saturday
10028,B,P07,18,30,2,Night,Thursday
10029,D,P06,18,51,0,Night,Friday
10030,D,P05,14,50,1,Night,Wednesday
10031,A,P07,16,45,0,Day,Tuesday
10032,A,P07,38,24,0,Night,Friday
10033,D,P08,14,38,0,Day,Tuesday
10034,B,P02,21,29,2,Day,Wednesday
10035,B,P08,21,53,1,Night,Friday
10036,A,P06,7,36,0,Night,Monday
10037,D,P05,35,31,0,Day,Sunday
10038,A,P06,5,42,1,Day,Wednesday
10039,A,P03,16,35,1,Night,Thursday
10040,C,P03,8,56,2,Day,Friday
10041,C,P06,17,34,2,Day,Wednesday
10042,C,P02,38,28,1,Day,Wednesday
10043,B,P02,25,20,0,Night,Friday
10044,D,P08,26,41,0,Day,Thursday
10045,D,P06,8,36,1,Day,Saturday
10046,D,P05,22,27,1,Day,Thursday
10047,D,P08,9,53,1,Day,Wednesday
10048,C,P04,23,48,0,Day,Tuesday
10049,B,P02,6,41,0,Day,Saturday
10050,B,P01,16,55,1,Day,Saturday
10051,C,P08,21,48,1,Night,Wednesday
10052,B,P03,14,33,2,Night,Friday
10053,C,P08,38,31,1,Night,Friday
10054,D,P06,10,50,1,Day,Friday
10055,C,P01,12,45,1,Night,Thursday
10056,D,P06,15,43,0,Night,Monday
10057,D,P07,16,33,0,Day,Friday
10058,A,P03,13,48,0,Night,Friday
10059,C,P03,6,34,2,Day,Saturday
10060,A,P02,12,40,0,Day,Tuesday
10061,C,P08,15,56,0,Day,Tuesday
10062,C,P02,14,35,1,Night,Wednesday
10063,A,P01,25,26,0,Day,Wednesday
10064,A,P08,24,31,0,Night,Wednesday
10065,C,P07,12,51,0,Day,Friday
10066,B,P06,33,44,0,Day,Tuesday
10067,D,P07,16,40,0,Night,Wednesday
10068,A,P03,18,36,0,Day,Tuesday
10069,D,P01,25,46,0,Night,Friday
10070,B,P04,26,33,0,Day,Saturday
10071,B,P01,25,45,1,Day,Friday
10072,B,P05,34,34,0,Day,Wednesday
10073,A,P01,24,33,0,Day,Friday
10074,B,P07,28,35,0,Day,Friday
10075,A,P05,27,38,1,Day,Tuesday
10076,B,P05,11,41,0,Day,Monday
10077,D,P08,13,44,0,Day,Thursday
10078,D,P08,5,5,0,Night,Wednesday
10079,C,P05,30,33,0,Night,Sunday
10080,D,P04,26,38,0,Night,Monday
10081,C,P08,14,57,0,Day,Saturday
10082,D,P01,10,31,0,Night,Sunday
10083,A,P07,21,43,1,Night,Wednesday
10084,D,P01,28,56,1,Day,Monday
10085,C,P04,14,28,0,Night,Friday
10086,C,P03,12,45,0,Day,Wednesday
10087,B,P02,25,33,1,Night,Monday
10088,A,P07,10,36,0,Night,Thursday
10089,D,P08,25,33,1,Night,Friday
10090,B,P07,28,34,1,Night,Wednesday
10091,D,P01,37,69,0,Night,Saturday
10092,D,P02,22,50,1,Day,Saturday
10093,B,P06,32,53,1,Night,Wednesday
10094,B,P06,36,46,1,Day,Monday
10095,B,P08,16,25,0,Night,Wednesday
10096,B,P04,31,45,1,Day,Sunday
10097,B,P06,14,52,1,Night,Friday
10098,D,P07,36,33,1,Night,Tuesday
10099,B,P06,30,51,2,Night,Saturday
10100,A,P03,29,49,1,Night,Monday
10101,C,P03,15,60,2,Night,Thursday
10102,B,P08,27,37,0,Day,Wednesday
10103,B,P03,38,31,1,Night,Friday
10104,D,P06,27,38,0,Night,Wednesday
10105,B,P04,33,56,0,Day,Thursday
10106,B,P05,35,23,0,Night,Friday
10107,B,P05,11,21,0,Night,Thursday
10108,D,P08,37,42,0,Night,Friday
10109,B,P02,25,37,0,Night,Tuesday
10110,C,P05,6,42,0,Night,Saturday
10111,D,P05,22,51,1,Day,Friday
10112,C,P03,37,36,0,Night,Thursday
10113,D,P03,38,23,0,Day,Monday
10114,B,P06,24,62,0,Night,Saturday
10115,C,P08,39,32,0,Night,Sunday
10116,D,P02,22,31,0,Day,Tuesday
10117,A,P08,28,53,0,Night,Wednesday
10118,B,P01,12,38,0,Night,Tuesday
10119,D,P07,34,41,1,Day,Tuesday
10120,A,P02,14,46,2,Night,Wednesday
10121,D,P02,27,52,0,Night,Friday
10122,A,P04,15,38,0,Day,Tuesday
10123,B,P08,6,57,0,Day,Saturday
10124,C,P06,30,20,1,Night,Tuesday
10125,A,P04,37,49,1,Night,Monday
10126,D,P02,17,33,1,Night,Saturday
10127,B,P02,29,55,0,Day,Monday
10128,A,P02,8,43,1,Day,Saturday
10129,D,P05,23,35,0,Night,Thursday
10130,D,P08,22,48,2,Night,Wednesday
10131,D,P07,34,50,0,Night,Saturday
10132,A,P07,23,48,0,Day,Saturday
10133,A,P04,27,31,0,Day,Friday
10134,A,P02,20,37,0,Day,Friday
10135,C,P07,5,41,0,Night,Thursday
10136,A,P03,16,41,1,Night,Friday
10137,A,P08,28,49,0,Night,Sunday
10138,A,P07,38,21,0,Day,Sunday
10139,C,P06,12,45,0,Night,Friday
10140,A,P08,22,39,1,Day,Sunday
10141,D,P06,9,33,1,Night,Monday
10142,A,P07,30,34,0,Day,Sunday
10143,D,P03,34,39,2,Night,Friday
10144,D,P06,17,5,0,Night,Friday
10145,D,P05,23,34,1,Day,Sunday
10146,C,P07,33,33,1,Night,Thursday
10147,C,P05,7,47,1,Day,Thursday
10148,C,P07,30,33,0,Night,Tuesday
10149,A,P01,16,39,1,Night,Friday
10150,D,P01,6,57,1,Night,Friday
10151,C,P01,15,51,1,Day,Saturday
10152,C,P06,32,51,0,Night,Friday
10153,A,P05,22,37,1,Day,Monday
10154,C,P05,17,47,0,Night,Sunday
10155,A,P05,26,39,1,Night,Saturday
10156,B,P03,16,40,2,Day,Friday
10157,C,P05,6,46,0,Night,Monday
10158,B,P03,11,36,1,Night,Tuesday
10159,A,P01,30,56,0,Day,Saturday
10160,D,P01,30,40,1,Day,Sunday
10161,C,P06,28,48,1,Night,Sunday
10162,A,P07,16,56,2,Day,Wednesday
10163,D,P01,20,52,1,Day,Friday
10164,D,P07,27,27,2,Night,Saturday
10165,B,P07,13,46,2,Day,Sunday
10166,A,P08,36,50,1,Day,Thursday
10167,D,P06,19,50,1,Night,Saturday
10168,C,P02,17,30,1,Day,Thursday
10169,C,P02,9,35,1,Day,Friday
10170,B,P04,15,51,1,Night,Monday
10171,D,P08,14,34,0,Night,Thursday
10172,A,P06,17,39,0,Day,Saturday
10173,C,P04,19,57,2,Night,Saturday
10174,D,P04,11,41,1,Day,Sunday
10175,D,P08,32,34,0,Day,Thursday
10176,B,P02,36,33,1,Day,Tuesday
10177,C,P06,39,45,1,Day,Sunday
10178,C,P02,19,28,0,Night,Tuesday
10179,A,P04,25,39,0,Night,Tuesday
10180,C,P06,10,45,0,Day,Thursday
10181,A,P04,5,54,2,Night,Thursday
10182,C,P05,8,48,0,Day,Saturday
10183,B,P08,15,34,0,Day,Friday
10184,C,P07,30,53,0,Night,Friday
10185,A,P06,27,39,0,Night,Monday
10186,A,P06,33,29,1,Day,Thursday
10187,B,P07,25,40,2,Night,Sunday
10188,C,P04,31,56,0,Day,Sunday
10189,C,P05,17,43,0,Night,Friday
10190,B,P03,27,42,0,Night,Friday
10191,C,P07,20,58,0,Day,Tuesday
10192,C,P08,34,27,2,Night,Tuesday
10193,A,P02,8,29,0,Night,Sunday
10194,C,P04,20,25,2,Day,Sunday
10195,C,P07,35,45,0,Day,Tuesday
10196,B,P07,29,43,1,Day,Wednesday
10197,B,P06,16,57,1,Day,Friday
10198,D,P02,30,44,2,Day,Tuesday
10199,A,P02,37,37,1,Day,Tuesday
10200,C,P08,32,42,2,Night,Thursday
10201,C,P02,13,43,0,Day,Sunday
10202,D,P07,16,25,2,Day,Saturday
10203,C,P03,9,69,2,Day,Tuesday
10204,A,P01,32,47,0,Night,Thursday
10205,D,P04,39,44,1,Day,Monday
10206,A,P01,9,48,0,Day,Tuesday
10207,D,P07,38,49,0,Night,Saturday
10208,D,P01,38,40,1,Night,Thursday
10209,B,P07,17,35,0,Day,Saturday
10210,A,P01,18,47,0,Night,Tuesday
10211,C,P02,15,45,1,Night,Monday
10212,C,P05,8,33,0,Day,Tuesday
10213,A,P02,37,56,0,Day,Thursday
10214,C,P02,11,44,2,Day,Monday
10215,C,P08,12,49,1,Night,Monday
10216,A,P06,14,55,1,Day,Monday
10217,D,P06,19,42,1,Night,Wednesday
10218,A,P01,19,45,0,Day,Thursday
10219,D,P07,9,50,0,Night,Wednesday
10220,C,P08,33,34,1,Day,Saturday
10221,C,P02,23,42,0,Night,Monday
10222,C,P08,14,43,0,Day,Wednesday
10223,B,P01,16,32,1,Day,Tuesday
10224,D,P06,8,65,1,Day,Wednesday
10225,B,P05,35,27,1,Night,Friday
10226,B,P04,22,29,2,Night,Saturday
10227,A,P01,20,55,1,Day,Monday
10228,B,P08,29,49,2,Night,Monday
10229,A,P05,27,31,0,Day,Sunday
10230,A,P04,16,48,0,Night,Saturday
10231,B,P03,38,56,1,Day,Saturday
10232,D,P01,7,41,0,Night,Thursday
10233,D,P01,13,67,0,Night,Tuesday
10234,D,P03,22,24,0,Night,Sunday
10235,D,P03,39,48,0,Night,Saturday
10236,D,P01,38,53,1,Night,Sunday
10237,B,P03,18,50,2,Day,Saturday
10238,B,P02,8,39,1,Night,Sunday
10239,C,P04,33,39,0,Night,Thursday
10240,D,P04,19,46,0,Night,Saturday
10241,B,P04,32,50,1,Night,Wednesday
10242,C,P02,20,48,1,Day,Friday
10243,D,P07,16,52,0,Night,Friday
10244,A,P03,9,31,2,Night,Friday
10245,C,P05,38,39,2,Day,Saturday
10246,B,P03,5,32,0,Day,Sunday
10247,A,P01,36,38,0,Night,Friday
10248,A,P06,30,52,0,Day,Tuesday
10249,A,P08,21,43,0,Night,Wednesday
10250,C,P08,31,68,0,Night,Friday
10251,B,P04,28,43,2,Day,Monday
10252,A,P03,39,42,0,Night,Saturday
10253,D,P05,30,43,1,Day,Wednesday
10254,A,P01,27,35,0,Day,Tuesday
10255,A,P02,26,41,0,Night,Friday
10256,C,P07,8,53,2,Night,Tuesday
10257,C,P02,13,43,0,Day,Saturday
10258,B,P05,8,34,0,Night,Friday
10259,D,P01,11,32,0,Day,Monday
10260,C,P04,27,37,1,Day,Wednesday
10261,A,P03,6,42,2,Day,Sunday
10262,B,P01,28,53,0,Day,Monday
10263,A,P08,35,28,1,Night,Friday
10264,A,P07,35,38,1,Night,Thursday
10265,C,P02,38,43,0,Night,Wednesday
10266,B,P07,28,23,2,Night,Tuesday
10267,D,P07,30,33,2,Night,Friday
10268,D,P05,20,35,0,Night,Monday
10269,C,P05,17,34,0,Day,Saturday
10270,C,P03,19,43,0,Night,Sunday
10271,B,P05,31,40,0,Day,Thursday
10272,D,P05,8,36,0,Day,Sunday
10273,D,P01,20,46,2,Day,Saturday
10274,D,P08,34,59,0,Night,Friday
10275,A,P04,34,58,0,Day,Tuesday
10276,D,P03,7,22,1,Night,Monday
10277,A,P01,26,47,0,Day,Wednesday
10278,B,P04,26,40,1,Night,Thursday
10279,A,P07,16,43,0,Night,Friday
10280,B,P01,25,38,0,Night,Friday
10281,D,P06,8,43,0,Night,Friday
10282,D,P01,35,43,0,Night,Friday
10283,B,P05,35,36,0,Day,Monday
10284,C,P04,27,33,0,Night,Wednesday
10285,B,P03,24,37,1,Night,Tuesday
10286,C,P03,19,44,1,Day,Thursday
10287,A,P04,27,47,0,Night,Sunday
10288,A,P05,32,50,0,Night,Friday
10289,A,P02,20,37,0,Night,Saturday
10290,D,P01,25,44,0,Night,Friday
10291,A,P05,19,51,0,Night,Wednesday
10292,C,P06,21,53,0,Day,Wednesday
10293,A,P08,17,41,0,Night,Monday
10294,B,P07,23,39,0,Day,Monday
10295,B,P04,34,43,0,Night,Saturday
10296,D,P08,22,30,0,Day,Saturday
10297,B,P01,18,40,0,Day,Monday
10298,C,P03,24,49,0,Day,Thursday
10299,A,P07,23,48,0,Night,Saturday
10300,D,P08,11,39,1,Night,Monday
10301,A,P02,8,44,0,Day,Friday
10302,A,P08,38,33,0,Night,Monday
10303,C,P06,6,49,0,Night,Sunday
10304,B,P03,9,41,0,Day,Thursday
10305,B,P04,14,39,0,Night,Monday
10306,A,P01,36,38,1,Day,Monday
10307,D,P04,17,41,2,Night,Friday
10308,B,P07,9,37,2,Day,Saturday
10309,D,P01,14,48,0,Night,Friday
10310,B,P05,14,38,1,Night,Sunday
10311,D,P02,31,57,0,Day,Sunday
10312,C,P05,25,56,0,Day,Friday
10313,D,P05,12,33,2,Night,Monday
10314,C,P04,5,42,0,Day,Friday
10315,C,P07,32,35,0,Day,Wednesday
10316,D,P02,18,38,0,Day,Tuesday
10317,C,P08,25,62,0,Day,Tuesday
10318,A,P01,34,38,0,Day,Friday
10319,C,P01,25,45,0,Night,Saturday
10320,B,P06,13,47,1,Day,Thursday
10321,D,P03,21,31,0,Day,Sunday
10322,A,P06,9,33,0,Day,Friday
10323,D,P08,35,29,1,Day,Saturday
10324,B,P06,23,33,0,Night,Friday
10325,B,P01,37,13,0,Day,Monday
10326,B,P04,17,47,1,Night,Sunday
10327,C,P05,18,62,0,Night,Sunday
10328,C,P07,37,43,0,Day,Saturday
10329,D,P05,33,27,0,Day,Sunday
10330,D,P05,14,35,0,Night,Thursday
10331,A,P02,35,37,0,Night,Friday
10332,A,P01,10,31,0,Night,Wednesday
10333,D,P08,5,50,1,Day,Saturday
10334,C,P08,11,50,1,Night,Tuesday
10335,B,P07,31,30,0,Day,Saturday
10336,D,P04,25,49,1,Night,Wednesday
10337,A,P02,32,57,2,Night,Sunday
10338,C,P03,20,61,1,Day,Wednesday
10339,D,P04,27,70,1,Day,Sunday
10340,D,P06,24,32,1,Night,Wednesday
10341,C,P04,29,70,0,Day,Thursday
10342,D,P04,32,38,1,Day,Thursday
10343,C,P05,9,36,1,Night,Saturday
10344,B,P04,25,45,1,Day,Thursday
10345,C,P08,22,36,0,Day,Tuesday
10346,C,P06,10,45,0,Night,Sunday
10347,C,P06,33,28,0,Night,Monday
10348,D,P01,23,39,2,Day,Saturday
10349,D,P04,37,54,2,Day,Friday
10350,C,P05,5,41,1,Day,Friday
10351,D,P04,7,43,1,Night,Saturday
10352,A,P03,25,46,0,Night,Monday
10353,A,P03,39,53,0,Day,Friday
10354,D,P05,7,25,0,Day,Saturday
10355,D,P01,29,47,0,Day,Saturday
10356,C,P01,24,39,0,Night,Wednesday
10357,B,P06,38,43,0,Night,Tuesday
10358,D,P06,25,52,1,Day,Friday
10359,A,P02,27,30,0,Day,Tuesday
10360,C,P05,10,31,0,Day,Sunday
10361,D,P04,17,22,1,Day,Saturday
10362,A,P07,27,36,0,Night,Monday
10363,A,P05,13,55,0,Day,Saturday
10364,B,P02,21,40,2,Day,Friday
10365,C,P06,6,28,0,Night,Tuesday
10366,C,P05,23,37,1,Day,Wednesday
10367,B,P05,23,27,2,Day,Wednesday
10368,B,P06,11,30,1,Day,Saturday
10369,C,P08,24,45,2,Day,Monday
10370,C,P02,13,30,0,Day,Sunday
10371,D,P06,21,53,0,Day,Thursday
10372,D,P01,31,41,1,Night,Friday
10373,B,P04,6,42,1,Day,Saturday
10374,D,P06,23,39,2,Night,Wednesday
10375,A,P02,21,49,1,Night,Wednesday
10376,D,P03,9,49,1,Night,Monday
10377,D,P01,22,45,0,Night,Wednesday
10378,A,P03,11,47,0,Day,Friday
10379,B,P07,21,39,0,Day,Monday
10380,A,P06,8,47,0,Day,Tuesday
10381,D,P01,29,38,0,Day,Monday
10382,B,P04,9,42,0,Night,Sunday
10383,D,P06,34,39,2,Night,Friday
10384,A,P04,16,37,0,Night,Sunday
10385,A,P08,8,35,0,Day,Friday
10386,D,P05,28,46,0,Night,Tuesday
10387,C,P03,33,55,0,Day,Saturday
10388,C,P01,13,53,0,Night,Monday
10389,A,P04,8,29,1,Day,Friday
10390,A,P02,28,54,1,Night,Friday
10391,C,P04,18,38,0,Night,Tuesday
10392,C,P02,9,48,1,Day,Thursday
10393,D,P06,22,32,1,Night,Monday
10394,D,P01,23,43,0,Night,Friday
10395,C,P04,16,45,2,Day,Wednesday
10396,D,P07,22,27,0,Night,Tuesday
10397,D,P04,21,48,0,Night,Thursday
10398,B,P08,34,55,0,Night,Thursday
10399,D,P07,28,40,0,Night,Tuesday
10400,A,P01,15,55,2,Day,Thursday
10401,D,P08,39,40,1,Day,Friday
10402,D,P04,27,50,0,Night,Thursday
10403,C,P02,21,19,0,Day,Monday
10404,A,P04,5,66,2,Night,Wednesday
10405,D,P03,19,56,0,Day,Friday
10406,D,P06,36,39,0,Night,Tuesday
10407,B,P05,13,22,0,Night,Wednesday
10408,D,P02,19,44,1,Day,Saturday
10409,D,P03,32,27,0,Night,Friday
10410,B,P07,28,46,1,Night,Wednesday
10411,C,P06,39,46,0,Night,Thursday
10412,D,P01,26,32,0,Night,Saturday
10413,B,P02,31,53,2,Day,Tuesday
10414,A,P05,23,50,0,Day,Tuesday
10415,C,P06,16,51,2,Day,Monday
10416,A,P07,24,42,0,Day,Thursday
10417,A,P08,5,27,0,Night,Monday
10418,B,P08,25,51,1,Night,Monday
10419,D,P05,5,39,1,Night,Thursday
10420,B,P01,14,28,0,Night,Friday
10421,B,P01,36,55,1,Day,Saturday
10422,B,P07,26,62,0,Day,Sunday
10423,B,P02,22,41,2,Day,Monday
10424,C,P07,36,63,0,Night,Wednesday
10425,D,P04,31,42,0,Night,Saturday
10426,A,P01,32,38,2,Night,Friday
10427,A,P06,22,35,2,Night,Thursday
10428,D,P04,33,58,0,Day,Tuesday
10429,A,P08,22,34,0,Day,Friday
10430,D,P08,12,49,1,Day,Monday
10431,A,P03,35,36,0,Night,Wednesday
10432,B,P05,38,37,1,Day,Saturday
10433,A,P04,11,52,0,Night,Thursday
10434,D,P05,22,38,0,Day,Tuesday
10435,D,P07,13,37,1,Day,Saturday
10436,D,P04,13,53,0,Night,Wednesday
10437,D,P07,12,57,0,Night,Sunday
10438,D,P03,39,48,2,Night,Tuesday
10439,C,P01,22,35,1,Day,Thursday
10440,C,P08,9,36,0,Day,Saturday
10441,A,P03,18,42,1,Day,Friday
10442,D,P08,32,45,0,Day,Monday
10443,A,P01,34,32,0,Night,Thursday
10444,D,P07,8,49,0,Day,Wednesday
10445,D,P01,24,42,1,Night,Friday
10446,C,P08,29,24,0,Day,Saturday
10447,C,P08,32,32,0,Night,Tuesday
10448,B,P05,16,36,0,Night,Friday
10449,C,P06,6,41,0,Day,Friday
10450,B,P03,18,60,1,Day,Wednesday
10451,B,P04,26,44,0,Night,Monday
10452,B,P08,35,33,1,Day,Sunday
10453,B,P03,27,44,0,Night,Friday
10454,B,P05,24,38,0,Day,Friday
10455,A,P01,8,45,0,Day,Monday
10456,C,P05,19,47,2,Day,Monday
10457,B,P02,28,54,0,Day,Tuesday
10458,D,P02,29,41,0,Day,Saturday
10459,C,P04,5,58,0,Night,Tuesday
10460,C,P05,11,51,1,Day,Monday
10461,B,P07,35,34,1,Night,Sunday
10462,A,P04,16,64,1,Night,Thursday
10463,B,P07,9,45,2,Night,Monday
10464,A,P04,16,33,0,Day,Tuesday
10465,D,P02,22,58,0,Night,Wednesday
10466,C,P04,6,62,1,Night,Wednesday
10467,D,P02,14,41,0,Night,Saturday
10468,A,P08,19,36,0,Night,Friday
10469,A,P01,34,40,2,Night,Sunday
10470,D,P07,21,49,0,Night,Wednesday
10471,A,P05,8,54,2,Day,Tuesday
10472,D,P08,11,47,0,Night,Wednesday
10473,C,P08,35,43,0,Night,Sunday
10474,D,P04,38,56,0,Day,Sunday
10475,C,P02,10,38,0,Night,Thursday
10476,D,P03,38,52,0,Day,Monday
10477,A,P07,19,39,0,Day,Monday
10478,D,P08,18,46,1,Night,Tuesday
10479,A,P04,10,40,0,Night,Friday
10480,D,P06,36,41,1,Day,Sunday
10481,D,P01,7,38,0,Day,Monday
10482,B,P01,7,55,0,Day,Wednesday
10483,A,P03,26,34,1,Day,Sunday
10484,B,P02,26,34,1,Night,Thursday
10485,A,P04,14,63,1,Day,Friday
10486,B,P07,7,51,0,Day,Friday
10487,C,P02,16,18,1,Day,Friday
10488,D,P01,33,36,0,Night,Monday
10489,A,P02,21,23,1,Day,Saturday
10490,A,P01,11,32,0,Day,Friday
10491,D,P02,17,10,0,Night,Tuesday
10492,A,P03,6,40,1,Night,Wednesday
10493,A,P05,8,30,2,Day,Saturday
10494,B,P03,14,42,2,Day,Thursday
10495,A,P03,28,25,0,Day,Wednesday
10496,C,P05,21,42,0,Night,Tuesday
10497,C,P05,10,37,0,Night,Tuesday
10498,D,P08,23,57,0,Day,Sunday
10499,A,P08,9,56,0,Day,Saturday
10500,D,P04,36,49,0,Day,Wednesday
10501,C,P07,14,38,1,Night,Monday
10502,A,P07,13,61,0,Day,Sunday
10503,A,P04,31,26,0,Day,Tuesday
10504,D,P03,17,27,0,Night,Friday
10505,C,P03,23,41,0,Day,Thursday
10506,A,P01,25,64,1,Night,Thursday
10507,D,P01,28,39,1,Night,Tuesday
10508,C,P07,8,40,0,Day,Friday
10509,D,P04,28,27,0,Night,Wednesday
10510,B,P06,39,51,0,Night,Thursday
10511,A,P08,7,51,1,Day,Friday
10512,B,P06,8,49,1,Night,Friday
10513,C,P04,39,35,0,Night,Monday
10514,B,P01,35,34,0,Day,Tuesday
10515,B,P07,29,29,0,Day,Friday
10516,C,P07,17,42,2,Day,Sunday
10517,D,P01,8,31,0,Day,Wednesday
10518,B,P06,18,30,0,Day,Thursday
10519,D,P02,17,37,0,Night,Sunday
10520,B,P02,31,37,1,Night,Monday
10521,D,P01,10,36,0,Night,Wednesday
10522,C,P02,21,46,1,Night,Thursday
10523,B,P05,39,42,1,Night,Tuesday
10524,C,P04,21,39,0,Day,Wednesday
10525,B,P04,6,43,0,Day,Thursday
10526,C,P01,17,32,0,Day,Monday
10527,C,P03,6,43,0,Day,Sunday
10528,B,P08,32,43,0,Night,Thursday
10529,B,P06,30,26,0,Day,Friday
10530,B,P01,26,51,1,Day,Monday
10531,A,P02,7,33,0,Night,Wednesday
10532,D,P06,39,42,0,Night,Saturday
10533,A,P03,16,53,0,Day,Tuesday
10534,A,P02,28,51,0,Night,Sunday
10535,C,P07,9,42,1,Night,Monday
10536,B,P08,24,38,0,Day,Sunday
10537,D,P05,17,51,0,Night,Monday
10538,C,P02,16,48,1,Day,Monday
10539,A,P05,17,35,2,Night,Thursday
10540,B,P06,14,34,0,Night,Friday
10541,C,P05,37,21,2,Night,Saturday
10542,B,P06,20,43,1,Night,Tuesday
10543,C,P06,39,41,0,Day,Sunday
10544,B,P06,7,53,0,Night,Tuesday
10545,A,P06,9,45,2,Day,Friday
10546,D,P06,30,55,0,Day,Thursday
10547,A,P02,15,35,1,Night,Thursday
10548,D,P06,11,53,0,Night,Friday
10549,B,P02,14,36,0,Day,Sunday
10550,C,P06,38,49,0,Night,Friday
10551,A,P05,7,27,0,Night,Wednesday
10552,D,P07,12,44,1,Day,Thursday
10553,A,P06,35,22,0,Night,Sunday
10554,D,P03,15,39,0,Day,Monday
10555,A,P06,11,46,1,Night,Tuesday
10556,D,P06,6,36,0,Night,Thursday
10557,D,P05,10,31,0,Night,Friday
10558,B,P08,36,50,1,Night,Monday
10559,D,P04,24,40,0,Night,Wednesday
10560,B,P05,38,37,0,Night,Saturday
10561,D,P03,20,42,0,Day,Wednesday
10562,C,P04,29,68,2,Day,Monday
10563,C,P01,16,53,2,Night,Sunday
10564,C,P01,11,53,0,Night,Sunday
10565,D,P08,21,46,0,Day,Monday
10566,B,P03,15,43,1,Day,Sunday
10567,B,P05,10,18,1,Day,Friday
10568,D,P02,27,35,0,Night,Sunday
10569,C,P03,31,37,2,Night,Saturday
10570,C,P07,10,23,1,Night,Friday
10571,B,P04,6,30,1,Day,Tuesday
10572,C,P04,26,22,1,Day,Sunday
10573,A,P06,24,41,0,Night,Saturday
10574,B,P01,29,50,0,Day,Saturday
10575,C,P08,19,53,0,Night,Tuesday
10576,B,P04,33,46,1,Night,Wednesday
10577,A,P03,12,32,1,Day,Monday
10578,B,P04,37,22,0,Night,Wednesday
10579,B,P08,26,24,1,Day,Sunday
10580,B,P08,9,29,0,Day,Sunday
10581,B,P08,22,33,0,Night,Friday
10582,A,P03,34,40,0,Night,Thursday
10583,D,P02,35,31,0,Day,Sunday
10584,B,P06,14,45,0,Night,Sunday
10585,B,P01,19,39,0,Day,Friday
10586,C,P04,22,42,0,Night,Thursday
10587,B,P03,27,53,0,Day,Monday
10588,C,P05,37,30,0,Day,Monday
10589,D,P01,20,46,1,Night,Saturday
10590,A,P02,39,41,2,Night,Monday
10591,A,P03,38,38,0,Day,Tuesday
10592,D,P07,32,50,0,Day,Tuesday
10593,A,P07,6,50,1,Day,Thursday
10594,D,P06,34,32,2,Day,Wednesday
10595,D,P06,17,40,0,Night,Saturday
10596,D,P02,20,44,1,Night,Wednesday
10597,A,P02,9,39,0,Night,Thursday
10598,C,P06,32,47,0,Day,Tuesday
10599,D,P04,24,44,0,Night,Friday
10600,B,P04,28,60,2,Day,Sunday
10601,A,P03,31,26,1,Day,Saturday
10602,D,P05,34,40,0,Night,Thursday
10603,D,P03,31,32,0,Night,Wednesday
10604,B,P05,30,48,0,Day,Thursday
10605,C,P02,11,25,0,Day,Thursday
10606,C,P01,9,45,1,Night,Monday
10607,C,P03,27,35,0,Day,Tuesday
10608,D,P03,32,34,0,Night,Saturday
10609,D,P05,38,27,0,Night,Monday
10610,D,P08,19,37,2,Day,Tuesday
10611,A,P02,36,52,0,Day,Thursday
10612,B,P02,30,41,1,Day,Tuesday
10613,D,P07,35,48,0,Day,Wednesday
10614,B,P08,23,58,1,Day,Saturday
10615,B,P05,13,44,1,Night,Monday
10616,C,P02,33,36,1,Night,Saturday
10617,A,P08,8,46,1,Night,Thursday
10618,D,P06,7,36,1,Night,Wednesday
10619,C,P08,33,36,0,Day,Tuesday
10620,C,P04,15,26,2,Night,Sunday
10621,D,P07,37,51,0,Day,Tuesday
10622,B,P06,15,38,0,Day,Wednesday
10623,C,P01,31,43,1,Day,Sunday
10624,B,P03,37,31,1,Day,Tuesday
10625,A,P07,25,46,2,Day,Monday
10626,B,P01,35,34,0,Night,Friday
10627,A,P03,6,40,0,Day,Tuesday
10628,B,P04,31,50,0,Day,Thursday
10629,C,P08,15,49,1,Night,Tuesday
10630,C,P02,22,41,1,Night,Saturday
10631,A,P06,5,24,0,Night,Thursday
10632,D,P05,39,71,0,Day,Tuesday
10633,A,P06,39,59,1,Day,Tuesday
10634,A,P04,35,49,0,Day,Thursday
10635,B,P01,32,34,0,Day,Monday
10636,B,P05,5,40,0,Night,Sunday
10637,A,P02,29,36,1,Night,Sunday
10638,C,P04,24,54,2,Night,Friday
10639,B,P05,7,44,0,Night,Friday
10640,D,P04,6,34,1,Night,Sunday
10641,B,P08,22,37,0,Night,Monday
10642,B,P04,14,53,0,Day,Tuesday
10643,D,P02,9,58,0,Day,Friday
10644,A,P07,13,57,0,Night,Monday
10645,D,P03,6,49,0,Night,Monday
10646,A,P05,38,39,2,Night,Friday
10647,A,P08,35,9,2,Night,Sunday
10648,A,P02,14,44,0,Day,Thursday
10649,D,P04,16,41,2,Day,Wednesday
10650,A,P08,25,43,0,Day,Sunday
10651,C,P02,10,42,2,Night,Thursday
10652,D,P07,7,28,0,Night,Sunday
10653,C,P08,14,47,1,Night,Tuesday
10654,A,P08,9,48,0,Day,Thursday
10655,B,P03,30,48,1,Day,Saturday
10656,A,P06,25,51,1,Day,Wednesday
10657,C,P05,30,48,0,Night,Sunday
10658,C,P03,30,37,1,Day,Wednesday
10659,D,P01,12,41,0,Day,Monday
10660,B,P05,9,42,0,Night,Saturday
10661,D,P03,19,43,1,Day,Tuesday
10662,C,P04,20,51,0,Night,Monday
10663,A,P05,5,48,0,Night,Thursday
10664,B,P05,20,62,0,Night,Thursday
10665,A,P02,7,64,1,Day,Friday
10666,A,P04,35,42,2,Day,Monday
10667,B,P01,17,3,1,Night,Saturday
10668,D,P06,20,54,1,Day,Monday
10669,A,P08,25,36,0,Night,Monday
10670,C,P07,6,33,0,Day,Monday
10671,A,P03,31,38,1,Night,Wednesday
10672,B,P02,30,37,0,Night,Friday
10673,B,P03,29,48,0,Day,Sunday
10674,B,P01,15,26,1,Night,Tuesday
10675,D,P08,12,31,1,Night,Tuesday
10676,A,P01,12,45,1,Night,Tuesday
10677,D,P05,37,48,2,Night,Wednesday
10678,D,P07,11,48,0,Night,Friday
10679,B,P01,25,34,0,Day,Saturday
10680,B,P03,12,32,1,Day,Friday
10681,D,P04,25,36,2,Night,Wednesday
10682,A,P04,24,44,1,Day,Saturday
10683,C,P05,12,56,1,Night,Monday
10684,D,P06,35,21,0,Night,Thursday
10685,A,P03,33,39,1,Night,Monday
10686,B,P03,13,28,1,Night,Tuesday
10687,B,P01,19,25,0,Night,Monday
10688,A,P07,34,51,0,Day,Wednesday
10689,C,P03,30,47,0,Day,Tuesday
10690,B,P02,14,46,0,Day,Thursday
10691,B,P06,33,51,0,Day,Saturday
10692,B,P01,20,37,0,Day,Saturday
10693,A,P02,24,37,0,Day,Tuesday
10694,D,P05,26,63,1,Night,Sunday
10695,B,P04,11,39,0,Day,Sunday
10696,D,P05,27,49,0,Night,Monday
10697,C,P04,33,42,2,Night,Sunday
10698,B,P05,20,23,1,Day,Friday
10699,B,P03,32,21,0,Day,Friday
10700,C,P02,35,36,0,Night,Saturday
10701,B,P04,18,52,1,Night,Friday
10702,D,P01,37,49,0,Night,Tuesday
10703,A,P02,13,51,0,Night,Friday
10704,D,P01,31,32,0,Night,Wednesday
10705,A,P02,28,58,0,Day,Saturday
10706,A,P02,17,32,0,Day,Thursday
10707,D,P05,30,44,0,Night,Friday
10708,D,P04,33,41,0,Night,Wednesday
10709,D,P04,32,40,0,Night,Wednesday
10710,D,P07,32,55,2,Night,Tuesday
10711,C,P02,12,34,0,Night,Saturday
10712,B,P03,27,28,1,Night,Tuesday
10713,A,P03,33,42,0,Night,Thursday
10714,D,P01,9,38,1,Night,Thursday
10715,D,P01,11,75,0,Day,Monday
10716,D,P05,31,48,2,Night,Thursday
10717,C,P02,6,37,2,Night,Saturday
10718,D,P01,29,31,0,Day,Sunday
10719,D,P01,13,23,0,Night,Sunday
10720,D,P06,31,31,1,Night,Saturday
10721,B,P02,5,43,0,Night,Tuesday
10722,C,P08,27,56,2,Night,Wednesday
10723,D,P05,14,53,1,Day,Monday
10724,A,P01,29,44,0,Night,Sunday
10725,A,P05,7,38,2,Night,Sunday
10726,A,P04,10,44,2,Night,Thursday
10727,C,P05,10,36,0,Day,Wednesday
10728,C,P08,6,59,1,Night,Tuesday
10729,A,P03,22,40,0,Night,Friday
10730,D,P08,27,41,2,Day,Monday
10731,C,P03,6,19,2,Day,Saturday
10732,A,P05,16,40,0,Day,Wednesday
10733,A,P03,26,50,1,Day,Tuesday
10734,D,P04,24,31,0,Night,Tuesday
10735,B,P02,28,34,0,Day,Monday
10736,C,P03,24,49,1,Day,Monday
10737,D,P03,5,27,1,Day,Thursday
10738,A,P05,5,52,1,Night,Thursday
10739,A,P04,21,36,1,Day,Saturday
10740,D,P07,5,38,0,Night,Saturday
10741,C,P07,34,30,0,Night,Monday
10742,B,P07,7,45,0,Day,Monday
10743,B,P07,15,66,0,Night,Wednesday
10744,A,P02,28,49,2,Day,Thursday
10745,C,P08,26,33,0,Day,Tuesday
10746,B,P05,30,53,0,Night,Sunday
10747,C,P05,17,38,0,Night,Sunday
10748,C,P06,5,55,0,Night,Sunday
10749,A,P04,28,50,0,Night,Thursday
10750,B,P07,14,12,0,Day,Thursday
10751,D,P02,39,31,0,Night,Monday
10752,A,P04,28,51,0,Night,Sunday
10753,B,P07,32,43,0,Night,Monday
10754,B,P02,20,31,0,Night,Thursday
10755,B,P04,20,35,1,Day,Friday
10756,B,P05,21,22,2,Day,Friday
10757,B,P05,19,41,1,Night,Saturday
10758,C,P08,20,64,2,Night,Thursday
10759,A,P01,19,50,0,Day,Sunday
10760,C,P08,38,63,0,Day,Friday
10761,D,P03,15,50,1,Day,Saturday
10762,B,P08,5,52,1,Day,Saturday
10763,A,P07,19,61,1,Night,Thursday
10764,B,P06,30,45,1,Night,Saturday
10765,A,P04,8,40,0,Day,Monday
10766,C,P06,9,52,0,Day,Monday
10767,A,P01,39,56,0,Night,Monday
10768,D,P03,17,37,0,Night,Tuesday
10769,D,P04,14,34,0,Day,Monday
10770,A,P02,15,43,0,Night,Sunday
10771,A,P07,22,50,0,Day,Monday
10772,A,P03,38,49,0,Night,Thursday
10773,A,P05,27,27,1,Night,Friday
10774,D,P01,11,61,0,Day,Sunday
10775,B,P03,7,35,2,Night,Friday
10776,A,P07,16,39,1,Day,Monday
10777,A,P08,11,32,0,Night,Monday
10778,D,P03,30,68,0,Day,Monday
10779,D,P08,37,44,1,Day,Saturday
10780,C,P07,19,33,1,Day,Thursday
10781,A,P05,6,50,0,Night,Thursday
10782,C,P04,11,49,0,Day,Thursday
10783,D,P02,36,40,2,Day,Friday
10784,D,P05,8,50,0,Night,Sunday
10785,B,P08,24,33,2,Night,Sunday
10786,A,P08,36,37,1,Day,Tuesday
10787,C,P02,32,21,0,Day,Friday
10788,D,P04,17,28,0,Night,Thursday
10789,D,P03,5,60,2,Night,Wednesday
10790,C,P02,39,58,0,Night,Tuesday
10791,B,P01,34,42,1,Day,Monday
10792,D,P01,29,58,0,Night,Saturday
10793,A,P07,20,40,0,Day,Friday
10794,D,P05,23,39,1,Day,Saturday
10795,A,P08,5,42,0,Day,Tuesday
10796,C,P04,9,40,2,Night,Sunday
10797,A,P07,26,39,0,Night,Wednesday
10798,C,P05,28,53,0,Night,Tuesday
10799,A,P05,8,43,0,Day,Friday
10800,C,P07,22,49,1,Day,Thursday
10801,A,P06,20,52,1,Night,Monday
10802,B,P05,22,45,0,Night,Thursday
10803,A,P06,26,32,0,Day,Thursday
10804,A,P01,6,28,0,Day,Friday
10805,B,P01,25,43,1,Day,Thursday
10806,D,P05,33,40,0,Day,Thursday
10807,D,P01,30,42,1,Night,Friday
10808,A,P04,25,41,0,Day,Friday
10809,B,P06,21,67,0,Day,Wednesday
10810,A,P06,20,28,2,Night,Thursday
10811,C,P05,35,22,0,Night,Tuesday
10812,C,P01,13,45,0,Night,Sunday
10813,A,P02,35,38,2,Night,Monday
10814,D,P08,18,45,1,Day,Saturday
10815,D,P07,6,47,1,Day,Monday
10816,A,P07,18,54,2,Day,Friday
10817,A,P06,37,26,0,Day,Saturday
10818,C,P05,39,36,0,Day,Friday
10819,D,P05,24,46,1,Night,Sunday
10820,A,P04,6,49,0,Night,Sunday
10821,C,P03,23,63,0,Day,Wednesday
10822,D,P08,22,51,2,Night,Thursday
10823,B,P03,20,41,0,Day,Friday
10824,C,P06,8,33,1,Day,Sunday
10825,D,P07,16,36,0,Day,Friday
10826,D,P04,33,36,0,Day,Monday
10827,C,P04,11,48,1,Day,Thursday
10828,B,P04,18,44,0,Night,Wednesday
10829,C,P06,16,28,0,Night,Sunday
10830,D,P03,39,37,0,Day,Friday
10831,A,P07,9,50,1,Day,Friday
10832,A,P04,21,45,0,Night,Friday
10833,C,P07,36,47,0,Day,Monday
10834,D,P01,14,45,0,Day,Sunday
10835,A,P05,21,58,1,Day,Friday
10836,D,P05,9,44,0,Night,Friday
10837,C,P07,13,38,0,Day,Monday
10838,A,P02,37,32,0,Day,Friday
10839,D,P02,22,44,0,Night,Thursday
10840,A,P06,13,17,1,Day,Thursday
10841,C,P06,33,40,1,Day,Monday
10842,D,P05,18,39,0,Night,Thursday
10843,A,P01,29,28,1,Night,Saturday
10844,C,P08,19,32,1,Day,Saturday
10845,A,P03,10,50,2,Night,Saturday
10846,A,P03,33,44,0,Day,Wednesday
10847,B,P06,19,43,0,Day,Friday
10848,B,P01,33,45,1,Night,Wednesday
10849,C,P06,8,42,0,Day,Thursday
10850,B,P08,22,54,1,Night,Monday
10851,C,P03,20,43,0,Night,Saturday
10852,B,P07,15,27,1,Night,Monday
10853,A,P06,18,58,2,Day,Wednesday
10854,C,P04,7,45,0,Night,Thursday
10855,C,P07,22,36,0,Day,Sunday
10856,A,P08,24,29,0,Night,Friday
10857,C,P08,29,45,0,Night,Sunday
10858,C,P06,17,40,1,Day,Thursday
10859,B,P05,8,57,1,Day,Saturday
10860,C,P06,18,38,0,Night,Thursday
10861,D,P05,37,33,0,Day,Monday
10862,A,P08,32,50,0,Day,Tuesday
10863,B,P01,12,51,0,Night,Saturday
10864,B,P08,38,43,0,Night,Sunday
10865,D,P03,9,48,0,Day,Friday
10866,A,P07,9,41,0,Night,Saturday
10867,A,P07,35,44,0,Night,Saturday
10868,B,P02,13,53,0,Night,Friday
10869,C,P02,36,48,0,Day,Sunday
10870,B,P08,37,40,0,Day,Saturday
10871,A,P03,7,55,0,Day,Monday
10872,D,P02,34,18,1,Night,Thursday
10873,B,P07,16,62,2,Day,Monday
10874,A,P06,33,24,0,Night,Thursday
10875,B,P01,7,35,2,Night,Tuesday
10876,C,P01,30,41,1,Night,Saturday
10877,B,P03,34,40,1,Night,Tuesday
10878,B,P08,13,52,1,Day,Wednesday
10879,A,P02,30,31,0,Night,Sunday
10880,A,P06,6,44,1,Night,Thursday
10881,A,P01,7,36,1,Day,Monday
10882,B,P01,8,44,0,Night,Monday
10883,C,P04,29,41,1,Day,Saturday
10884,D,P08,17,42,0,Day,Monday
10885,D,P04,39,36,1,Day,Wednesday
10886,A,P07,27,36,1,Night,Friday
10887,A,P01,13,44,0,Day,Monday
10888,B,P03,6,51,2,Night,Saturday
10889,D,P05,35,36,0,Day,Tuesday
10890,A,P05,6,33,1,Day,Sunday
10891,C,P06,36,48,1,Day,Monday
10892,C,P01,22,41,0,Day,Monday
10893,A,P01,17,50,1,Night,Monday
10894,A,P07,9,32,1,Night,Saturday
10895,D,P01,14,24,0,Day,Sunday
10896,D,P03,29,36,0,Day,Friday
10897,B,P04,38,34,0,Day,Monday
10898,D,P01,34,41,2,Night,Friday
10899,C,P01,11,35,2,Day,Friday
10900,C,P07,10,49,0,Day,Sunday
10901,A,P08,7,39,1,Night,Sunday
10902,D,P02,17,43,0,Day,Wednesday
10903,B,P08,7,43,1,Day,Tuesday
10904,C,P07,30,43,0,Day,Monday
10905,C,P08,28,41,1,Day,Monday
10906,B,P07,10,47,0,Night,Monday
10907,B,P03,16,34,2,Night,Friday
10908,C,P06,6,55,1,Night,Sunday
10909,C,P01,15,39,0,Day,Thursday
10910,B,P07,38,28,0,Day,Tuesday
10911,C,P07,30,43,0,Night,Saturday
10912,A,P02,22,33,0,Day,Monday
10913,A,P07,25,48,1,Day,Thursday
10914,B,P05,26,64,0,Night,Thursday
10915,D,P06,34,34,0,Night,Sunday
10916,B,P01,34,45,1,Day,Thursday
10917,B,P01,12,24,1,Night,Tuesday
10918,D,P02,38,46,0,Day,Thursday
10919,D,P03,13,33,2,Night,Saturday
10920,D,P01,24,35,0,Night,Monday
10921,A,P05,29,30,0,Day,Saturday
10922,C,P01,23,49,0,Day,Monday
10923,A,P05,9,52,2,Night,Wednesday
10924,C,P06,15,42,2,Day,Friday
10925,A,P06,19,33,2,Day,Thursday
10926,C,P04,12,57,1,Day,Saturday
10927,A,P04,23,34,0,Night,Friday
10928,D,P05,27,20,0,Day,Friday
10929,B,P03,31,46,0,Day,Friday
10930,A,P01,36,30,0,Night,Friday
10931,C,P07,30,51,1,Night,Friday
10932,D,P01,31,38,2,Night,Monday
10933,A,P04,23,48,0,Night,Tuesday
10934,A,P08,33,56,0,Day,Thursday
10935,D,P07,37,29,1,Day,Thursday
10936,A,P05,23,36,0,Night,Monday
10937,B,P07,23,41,0,Night,Saturday
10938,A,P08,37,57,0,Day,Monday
10939,B,P01,20,35,1,Day,Sunday
10940,B,P01,27,36,0,Night,Friday
10941,D,P03,11,46,0,Day,Tuesday
10942,A,P02,30,36,0,Day,Thursday
10943,D,P07,36,43,0,Night,Saturday
10944,A,P04,16,26,0,Night,Wednesday
10945,A,P08,12,64,1,Night,Monday
10946,C,P08,9,28,2,Night,Wednesday
10947,A,P08,32,38,0,Day,Thursday
10948,D,P04,9,41,0,Night,Monday
10949,B,P02,30,61,1,Day,Thursday
10950,A,P01,9,28,0,Day,Monday
10951,C,P03,26,61,1,Day,Saturday
10952,D,P03,19,49,1,Night,Thursday
10953,A,P04,17,46,0,Day,Sunday
10954,D,P03,32,32,0,Night,Wednesday
10955,C,P08,37,47,0,Night,Tuesday
10956,C,P06,27,34,1,Night,Saturday
10957,D,P02,37,54,2,Day,Sunday
10958,A,P01,22,32,0,Night,Saturday
10959,B,P06,34,40,1,Night,Monday
10960,C,P02,30,36,2,Day,Wednesday
10961,A,P05,20,32,2,Night,Thursday
10962,A,P07,17,49,1,Day,Wednesday
10963,B,P04,37,47,0,Day,Saturday
10964,C,P08,30,54,2,Night,Monday
10965,C,P03,5,24,0,Night,Wednesday
10966,A,P05,6,52,0,Night,Sunday
10967,A,P03,10,67,0,Night,Thursday
10968,B,P06,28,37,0,Day,Friday
10969,B,P01,22,60,0,Night,Saturday
10970,C,P01,31,39,1,Night,Tuesday
10971,D,P01,12,28,0,Day,Tuesday
10972,C,P08,32,38,1,Night,Saturday
10973,A,P03,14,52,2,Night,Friday
10974,C,P05,21,33,0,Night,Monday
10975,D,P01,33,35,0,Night,Wednesday
10976,B,P05,10,47,1,Night,Wednesday
10977,D,P03,18,42,0,Day,Friday
10978,D,P08,26,47,0,Night,Sunday
10979,D,P06,10,44,0,Day,Friday
10980,B,P08,30,46,0,Day,Thursday
10981,D,P05,16,37,1,Day,Thursday
10982,D,P08,39,44,0,Day,Tuesday
10983,D,P08,18,32,0,Night,Monday
10984,A,P06,26,54,2,Night,Monday
10985,D,P03,27,35,2,Day,Sunday
10986,B,P03,11,53,0,Night,Friday
10987,D,P04,29,39,1,Night,Tuesday
10988,D,P08,17,44,2,Day,Tuesday
10989,B,P03,25,37,0,Night,Thursday
10990,D,P03,14,31,0,Day,Wednesday
10991,B,P02,13,24,0,Day,Sunday
10992,D,P01,19,31,0,Night,Monday
10993,B,P04,6,38,0,Night,Sunday
10994,D,P07,29,44,0,Night,Tuesday
10995,D,P04,17,52,0,Day,Thursday
10996,A,P04,38,37,1,Day,Thursday
10997,A,P07,38,33,0,Night,Thursday
10998,D,P02,39,27,0,Day,Sunday
10999,D,P08,7,46,0,Night,Wednesday
11000,C,P06,10,55,1,Night,Tuesday
11001,B,P03,23,54,0,Night,Friday
11002,C,P01,7,49,1,Night,Friday
11003,A,P05,22,48,0,Day,Thursday
11004,A,P08,13,58,1,Night,Thursday
11005,A,P07,16,45,0,Day,Wednesday
11006,A,P06,9,48,1,Day,Thursday
11007,D,P08,7,38,2,Day,Saturday
11008,A,P07,15,28,0,Day,Tuesday
11009,D,P03,34,35,1,Day,Thursday
11010,D,P02,8,41,0,Day,Thursday
11011,A,P08,9,42,2,Night,Tuesday
11012,A,P07,5,61,0,Day,Monday
11013,B,P03,31,42,2,Night,Saturday
11014,C,P03,32,53,1,Day,Saturday
11015,A,P02,33,37,0,Night,Friday
11016,B,P04,22,38,2,Night,Thursday
11017,B,P08,16,28,2,Day,Tuesday
11018,C,P08,17,34,1,Night,Friday
11019,D,P04,6,47,0,Night,Sunday
11020,A,P01,20,42,1,Day,Sunday
11021,C,P01,28,51,0,Day,Wednesday
11022,A,P04,39,43,0,Day,Sunday
11023,B,P06,26,38,0,Day,Sunday
11024,B,P05,15,63,2,Day,Monday
11025,D,P03,33,41,0,Day,Thursday
11026,B,P05,39,53,0,Day,Monday
11027,B,P03,19,37,1,Day,Thursday
11028,C,P04,35,49,0,Night,Thursday
11029,A,P01,20,51,0,Day,Thursday
11030,A,P06,14,44,2,Night,Monday
11031,C,P01,36,18,0,Day,Saturday
11032,D,P05,6,42,1,Day,Wednesday
11033,A,P01,28,54,0,Day,Saturday
11034,B,P04,27,47,0,Day,Tuesday
11035,A,P06,6,46,0,Night,Tuesday
11036,B,P05,35,24,1,Night,Sunday
11037,D,P06,30,34,0,Day,Saturday
11038,C,P08,33,46,0,Night,Wednesday
11039,A,P03,7,46,1,Day,Sunday
11040,C,P01,18,54,0,Night,Wednesday
11041,A,P06,29,40,0,Day,Thursday
11042,B,P02,5,46,0,Night,Thursday
11043,C,P08,7,42,0,Night,Tuesday
11044,A,P01,30,32,0,Night,Thursday
11045,B,P03,22,19,1,Day,Sunday
11046,C,P06,13,46,0,Night,Thursday
11047,C,P05,27,43,0,Day,Wednesday
11048,A,P03,25,35,0,Night,Monday
11049,A,P02,5,25,0,Day,Saturday
11050,A,P06,25,48,0,Day,Friday
11051,B,P07,31,39,2,Day,Friday
11052,A,P07,10,47,1,Night,Thursday
11053,C,P04,32,60,2,Night,Thursday
11054,C,P01,21,20,0,Day,Saturday
11055,A,P05,7,35,0,Day,Friday
11056,A,P04,16,39,2,Day,Wednesday
11057,D,P06,16,56,0,Night,Friday
11058,C,P07,6,25,0,Night,Friday
11059,B,P07,26,61,0,Night,Sunday
11060,D,P07,27,43,1,Night,Friday
11061,A,P06,34,41,0,Night,Thursday
11062,A,P07,9,40,0,Day,Sunday
11063,C,P03,13,37,1,Day,Thursday
11064,A,P08,25,52,0,Day,Saturday
11065,B,P06,15,31,1,Day,Friday
11066,C,P05,9,45,0,Night,Thursday
11067,A,P08,39,38,2,Night,Saturday
11068,C,P04,31,34,0,Day,Friday
11069,A,P05,6,67,2,Night,Wednesday
11070,A,P08,28,46,0,Day,Thursday
11071,A,P02,35,48,1,Night,Monday
11072,B,P07,37,53,0,Night,Saturday
11073,B,P02,34,27,1,Day,Thursday
11074,C,P01,32,59,1,Day,Wednesday
11075,A,P01,35,16,1,Day,Wednesday
11076,A,P08,15,34,1,Night,Thursday
11077,B,P02,27,37,0,Night,Tuesday
11078,A,P06,6,47,0,Night,Saturday
11079,B,P05,31,44,2,Day,Friday
11080,A,P02,39,40,0,Day,Friday
11081,C,P01,6,41,0,Day,Wednesday
11082,A,P02,25,32,0,Night,Thursday
11083,A,P06,9,27,0,Night,Tuesday
11084,D,P02,25,49,0,Day,Saturday
11085,B,P05,33,48,0,Day,Monday
11086,A,P04,24,57,2,Day,Friday
11087,A,P06,24,34,0,Night,Sunday
11088,D,P01,29,48,0,Night,Saturday
11089,D,P05,6,39,1,Day,Saturday
11090,B,P02,36,53,0,Day,Tuesday
11091,D,P02,30,52,0,Day,Saturday
11092,C,P04,10,44,2,Night,Friday
11093,D,P01,7,38,2,Night,Thursday
11094,C,P01,37,51,0,Night,Friday
11095,B,P03,5,48,2,Day,Monday
11096,B,P01,9,35,1,Day,Thursday
11097,B,P04,17,28,2,Day,Wednesday
11098,B,P07,23,39,2,Day,Tuesday
11099,B,P03,16,57,1,Day,Friday
11100,C,P03,29,53,1,Day,Thursday
11101,C,P02,39,30,0,Day,Saturday
11102,B,P02,16,30,0,Day,Thursday
11103,D,P01,34,54,1,Day,Friday
11104,A,P03,9,30,2,Day,Wednesday
11105,B,P08,38,47,1,Day,Friday
11106,D,P02,26,35,1,Night,Wednesday
11107,A,P04,17,58,0,Day,Saturday
11108,B,P08,7,34,0,Day,Friday
11109,B,P02,24,53,2,Night,Thursday
11110,C,P06,35,43,0,Day,Monday
11111,A,P06,9,44,0,Night,Monday
11112,A,P02,28,22,0,Night,Saturday
11113,D,P03,37,19,1,Day,Sunday
11114,C,P07,12,39,1,Day,Sunday
11115,C,P07,28,44,0,Night,Thursday
11116,C,P03,24,30,1,Day,Monday
11117,C,P05,20,31,1,Day,Saturday
11118,A,P07,16,47,0,Day,Wednesday
11119,A,P06,17,47,0,Night,Thursday
11120,B,P04,29,40,0,Night,Sunday
11121,B,P03,36,49,2,Day,Wednesday
11122,C,P01,28,30,0,Day,Thursday
11123,C,P06,13,38,1,Night,Wednesday
11124,C,P04,27,58,0,Night,Wednesday
11125,B,P04,17,42,0,Day,Monday
11126,D,P03,36,43,1,Day,Thursday
11127,D,P04,19,65,0,Day,Friday
11128,B,P03,9,28,0,Night,Monday
11129,B,P07,26,49,0,Night,Wednesday
11130,B,P02,20,58,0,Day,Wednesday
11131,B,P06,14,38,1,Night,Sunday
11132,B,P05,28,50,0,Day,Friday
11133,B,P02,22,32,2,Day,Sunday
11134,C,P06,22,35,2,Day,Friday
11135,C,P03,11,45,0,Day,Wednesday
11136,C,P06,8,49,0,Day,Friday
11137,C,P07,30,53,2,Night,Tuesday
11138,B,P03,9,57,2,Night,Sunday
11139,D,P02,20,41,0,Day,Sunday
11140,A,P01,39,53,1,Night,Monday
11141,B,P01,30,38,1,Day,Thursday
11142,A,P08,22,51,2,Night,Sunday
11143,D,P08,33,44,0,Night,Friday
11144,C,P06,27,46,0,Night,Friday
11145,D,P01,18,46,1,Night,Tuesday
11146,B,P03,19,25,0,Day,Thursday
11147,C,P04,37,30,1,Night,Tuesday
11148,B,P03,29,43,0,Night,Thursday
11149,C,P04,25,25,1,Night,Sunday
11150,A,P02,21,50,1,Night,Sunday
11151,A,P05,27,50,0,Night,Monday
11152,A,P04,21,45,0,Night,Friday
11153,D,P01,18,30,2,Night,Monday
11154,B,P03,33,55,1,Night,Thursday
11155,D,P02,24,62,0,Day,Friday
11156,A,P01,34,43,0,Day,Sunday
11157,B,P02,23,47,1,Day,Tuesday
11158,A,P05,17,44,2,Night,Sunday
11159,D,P07,22,47,0,Day,Sunday
11160,D,P03,27,40,0,Day,Wednesday
11161,D,P06,37,41,0,Day,Tuesday
11162,A,P03,22,51,0,Night,Wednesday
11163,B,P08,13,65,1,Day,Tuesday
11164,B,P05,37,27,2,Day,Thursday
11165,A,P03,36,40,1,Day,Monday
11166,B,P08,21,30,2,Day,Wednesday
11167,A,P06,23,57,0,Day,Thursday
11168,B,P04,31,36,0,Day,Monday
11169,C,P02,10,27,0,Day,Monday
11170,C,P06,39,48,0,Night,Friday
11171,D,P01,38,59,1,Day,Sunday
11172,C,P05,24,48,0,Day,Friday
11173,C,P04,29,44,1,Night,Sunday
11174,C,P01,8,46,0,Night,Friday
11175,A,P01,14,56,0,Night,Wednesday
11176,C,P05,14,33,1,Night,Wednesday
11177,C,P04,28,40,0,Night,Sunday
11178,D,P07,25,37,0,Day,Monday
11179,C,P01,15,30,0,Day,Wednesday
11180,C,P01,31,38,0,Day,Monday
11181,B,P04,20,53,2,Night,Thursday
11182,D,P03,30,47,1,Day,Tuesday
11183,D,P01,34,48,0,Day,Monday
11184,D,P02,20,43,1,Night,Monday
11185,D,P04,11,47,0,Night,Thursday
11186,D,P01,20,33,0,Day,Sunday
11187,D,P05,39,38,1,Night,Friday
11188,A,P06,20,43,0,Day,Saturday
11189,C,P02,16,44,1,Night,Sunday
11190,D,P08,39,45,0,Day,Friday
11191,C,P08,25,40,1,Day,Friday
11192,C,P06,21,38,1,Day,Sunday
11193,A,P08,36,73,0,Night,Sunday
11194,D,P06,10,51,1,Night,Monday
11195,B,P01,28,46,0,Night,Monday
11196,A,P02,31,39,1,Night,Wednesday
11197,B,P02,24,37,0,Day,Wednesday
11198,C,P03,29,40,2,Day,Tuesday
11199,C,P06,6,44,0,Day,Tuesday
11200,A,P02,13,23,0,Day,Saturday
11201,A,P03,32,26,0,Night,Sunday
11202,B,P04,7,35,1,Night,Wednesday
11203,D,P03,24,44,1,Night,Sunday
11204,B,P05,10,39,0,Night,Monday
11205,A,P07,37,56,2,Day,Thursday
11206,B,P01,5,27,0,Night,Wednesday
11207,A,P04,10,34,1,Night,Monday
11208,B,P07,38,57,0,Night,Sunday
11209,A,P07,19,43,1,Day,Wednesday
11210,A,P04,30,50,2,Day,Friday
11211,A,P05,18,62,2,Day,Wednesday
11212,D,P03,11,35,0,Night,Sunday
11213,B,P01,35,41,1,Day,Sunday
11214,B,P03,28,39,1,Day,Saturday
11215,B,P02,35,22,0,Day,Sunday
11216,A,P03,33,38,0,Day,Friday
11217,B,P08,36,50,0,Day,Monday
11218,B,P04,21,47,0,Day,Friday
11219,A,P01,18,48,1,Night,Wednesday
11220,C,P03,28,38,0,Night,Friday
11221,A,P01,31,35,0,Day,Saturday
11222,B,P01,29,54,0,Night,Thursday
11223,A,P02,36,37,2,Day,Friday
11224,C,P02,22,44,1,Night,Sunday
11225,A,P04,22,43,2,Day,Saturday
11226,B,P05,30,56,0,Night,Friday
11227,C,P08,13,51,1,Day,Tuesday
11228,D,P07,39,29,0,Day,Thursday
11229,B,P01,12,30,0,Night,Monday
11230,C,P05,24,47,1,Day,Sunday
11231,C,P07,26,41,0,Night,Saturday
11232,D,P07,23,37,1,Day,Friday
11233,A,P08,34,52,0,Day,Thursday
11234,A,P04,32,43,0,Day,Monday
11235,B,P07,39,42,0,Day,Thursday
11236,D,P08,15,49,0,Night,Saturday
11237,A,P07,35,38,0,Night,Tuesday
11238,D,P01,34,57,0,Night,Saturday
11239,A,P01,27,34,1,Night,Saturday
11240,C,P06,23,48,0,Night,Monday
11241,A,P05,16,56,1,Day,Monday
11242,D,P03,19,28,0,Day,Friday
11243,C,P08,35,38,1,Night,Wednesday
11244,C,P02,19,53,0,Day,Saturday
11245,C,P08,33,53,0,Night,Monday
11246,D,P03,30,40,2,Day,Saturday
11247,B,P05,6,34,2,Night,Saturday
11248,B,P02,24,51,2,Day,Monday
11249,B,P03,19,53,1,Day,Tuesday
11250,D,P06,8,30,1,Night,Tuesday
11251,C,P02,26,29,0,Day,Saturday
11252,B,P01,27,44,0,Night,Tuesday
11253,D,P03,30,48,0,Day,Saturday
11254,B,P08,15,39,0,Night,Friday
11255,A,P02,32,48,0,Day,Monday
11256,B,P06,6,34,0,Night,Saturday
11257,B,P08,12,20,2,Day,Tuesday
11258,C,P07,33,37,1,Day,Tuesday
11259,D,P02,15,42,0,Night,Thursday
11260,C,P02,22,39,0,Night,Thursday
11261,C,P06,18,30,0,Night,Sunday
11262,C,P07,14,23,2,Night,Tuesday
11263,C,P03,39,36,1,Day,Sunday
11264,C,P04,13,50,0,Day,Sunday
11265,B,P03,39,54,0,Day,Sunday
11266,C,P07,15,53,0,Day,Friday
11267,C,P05,16,33,0,Day,Wednesday
11268,D,P08,7,30,0,Night,Saturday
11269,A,P06,18,46,0,Night,Thursday
11270,B,P03,32,48,1,Night,Saturday
11271,B,P02,15,46,0,Night,Thursday
11272,B,P06,29,21,0,Night,Monday
11273,C,P01,25,33,1,Day,Monday
11274,C,P07,14,41,0,Day,Tuesday
11275,C,P08,19,46,0,Night,Monday
11276,D,P03,23,49,0,Night,Monday
11277,A,P06,26,43,0,Night,Wednesday
11278,C,P08,25,45,0,Day,Sunday
11279,A,P03,36,42,0,Night,Friday
11280,D,P06,27,48,2,Night,Tuesday
11281,B,P02,17,45,1,Night,Wednesday
11282,C,P01,9,42,1,Day,Tuesday
11283,A,P01,8,39,2,Night,Friday
11284,A,P05,32,42,0,Day,Tuesday
11285,C,P06,18,46,0,Night,Saturday
11286,B,P03,12,44,0,Night,Saturday
11287,B,P01,13,45,0,Day,Saturday
11288,B,P07,39,55,1,Day,Monday
11289,D,P01,25,44,1,Night,Friday
11290,A,P04,22,35,0,Night,Wednesday
11291,A,P04,37,50,0,Day,Wednesday
11292,A,P01,12,28,0,Day,Thursday
11293,D,P06,21,31,1,Night,Wednesday
11294,A,P05,35,45,0,Day,Sunday
11295,D,P01,38,47,0,Day,Saturday
11296,B,P02,10,29,0,Night,Sunday
11297,C,P08,26,38,0,Night,Sunday
11298,A,P03,18,35,0,Night,Saturday
11299,A,P05,7,37,0,Day,Thursday
11300,B,P02,16,51,0,Night,Monday
11301,C,P05,16,49,1,Night,Wednesday
11302,D,P02,6,41,2,Day,Friday
11303,C,P03,6,36,0,Night,Thursday
11304,B,P03,19,28,0,Day,Wednesday
11305,B,P04,27,56,1,Day,Monday
11306,C,P06,33,47,2,Night,Sunday
11307,D,P02,21,34,0,Night,Friday
11308,D,P08,36,49,0,Day,Friday
11309,A,P04,11,41,1,Night,Sunday
11310,D,P02,34,39,0,Day,Monday
11311,C,P04,32,46,0,Day,Wednesday
11312,B,P03,18,34,0,Night,Sunday
11313,A,P05,34,38,0,Night,Tuesday
11314,A,P07,21,43,2,Day,Wednesday
11315,B,P04,36,37,1,Day,Sunday
11316,D,P02,10,48,2,Night,Sunday
11317,B,P02,28,60,0,Day,Thursday
11318,D,P07,10,34,0,Day,Thursday
11319,B,P06,31,25,2,Day,Wednesday
11320,C,P08,22,21,0,Night,Saturday
11321,D,P03,28,40,1,Day,Thursday
11322,C,P02,28,35,1,Day,Tuesday
11323,A,P01,38,44,0,Night,Saturday
11324,B,P05,19,43,0,Day,Tuesday
11325,A,P04,15,25,0,Day,Friday
11326,A,P06,26,23,0,Night,Thursday
11327,A,P08,28,44,0,Night,Sunday
11328,A,P07,5,43,1,Night,Saturday
11329,B,P05,22,37,0,Night,Wednesday
11330,A,P03,16,25,0,Night,Saturday
11331,B,P06,32,46,0,Day,Sunday
11332,B,P08,11,54,1,Day,Friday
11333,C,P04,27,44,1,Night,Tuesday
11334,D,P04,25,33,0,Day,Friday
11335,D,P07,38,42,2,Night,Monday
11336,B,P01,15,28,1,Day,Thursday
11337,C,P07,26,52,2,Day,Wednesday
11338,B,P03,39,42,2,Day,Tuesday
11339,B,P06,33,24,1,Night,Friday
11340,B,P06,32,38,0,Night,Wednesday
11341,C,P02,22,46,1,Night,Thursday
11342,D,P01,18,38,0,Day,Sunday
11343,C,P01,22,39,0,Night,Wednesday
11344,A,P06,32,29,2,Day,Thursday
11345,C,P06,28,47,0,Day,Thursday
11346,C,P05,12,35,0,Night,Thursday
11347,C,P08,12,20,0,Day,Friday
11348,C,P05,8,38,0,Day,Sunday
11349,D,P05,31,51,0,Day,Thursday
11350,A,P01,9,38,0,Night,Wednesday
11351,D,P02,37,59,0,Night,Sunday
11352,D,P04,38,46,2,Night,Monday
11353,C,P05,34,45,0,Day,Wednesday
11354,B,P02,12,40,0,Day,Friday
11355,B,P07,30,41,0,Night,Thursday
11356,D,P03,38,39,0,Day,Sunday
11357,D,P05,11,38,0,Night,Monday
11358,C,P07,32,47,0,Night,Friday
11359,D,P04,32,32,1,Night,Tuesday
11360,C,P03,18,31,0,Night,Tuesday
11361,B,P03,8,30,0,Day,Tuesday
11362,B,P04,22,62,0,Day,Monday
11363,A,P05,29,47,0,Day,Sunday
11364,B,P01,11,45,0,Night,Wednesday
11365,D,P04,32,31,0,Day,Monday
11366,B,P04,9,48,2,Night,Sunday
11367,C,P04,7,40,2,Night,Monday
11368,B,P03,35,44,1,Night,Sunday
11369,A,P08,24,32,0,Day,Monday
11370,B,P02,23,43,0,Night,Tuesday
11371,C,P07,15,37,0,Day,Saturday
11372,C,P01,7,34,0,Day,Sunday
11373,D,P05,27,49,1,Day,Sunday
11374,B,P05,11,26,0,Day,Sunday
11375,C,P07,27,47,2,Day,Wednesday
11376,A,P02,11,48,0,Day,Saturday
11377,D,P04,38,33,0,Day,Saturday
11378,A,P08,23,33,2,Day,Monday
11379,B,P01,13,39,1,Night,Wednesday
11380,B,P05,22,44,0,Night,Saturday
11381,B,P07,29,40,0,Day,Thursday
11382,D,P06,18,46,0,Day,Monday
11383,C,P08,29,59,1,Day,Monday
11384,D,P07,23,36,2,Day,Monday
11385,A,P08,19,24,0,Day,Thursday
11386,D,P05,20,50,0,Night,Thursday
11387,A,P04,31,58,0,Day,Tuesday
11388,D,P06,14,45,0,Day,Friday
11389,C,P02,8,31,2,Day,Wednesday
11390,A,P01,23,40,0,Night,Friday
11391,B,P02,32,30,0,Night,Monday
11392,B,P02,25,48,0,Day,Saturday
11393,D,P07,18,28,1,Night,Monday
11394,B,P08,37,38,2,Night,Saturday
11395,A,P01,14,31,1,Night,Tuesday
11396,B,P01,23,43,0,Night,Sunday
11397,C,P05,34,38,0,Night,Friday
11398,C,P05,26,43,0,Night,Sunday
11399,D,P01,7,42,0,Night,Sunday
11400,A,P06,22,32,2,Night,Monday
11401,C,P03,15,48,1,Day,Friday
11402,C,P05,6,41,0,Day,Tuesday
11403,A,P03,16,32,0,Night,Friday
11404,B,P07,10,64,0,Night,Saturday
11405,B,P06,33,46,0,Day,Wednesday
11406,D,P01,34,40,0,Day,Sunday
11407,B,P06,6,56,0,Night,Tuesday
11408,A,P05,13,60,0,Day,Friday
11409,C,P02,6,40,0,Night,Monday
11410,B,P07,33,45,1,Day,Thursday
11411,D,P01,37,32,1,Night,Thursday
11412,B,P04,14,40,0,Day,Tuesday
11413,A,P07,38,40,0,Night,Thursday
11414,D,P08,12,43,2,Day,Wednesday
11415,B,P03,37,45,1,Day,Tuesday
11416,D,P06,10,47,0,Night,Monday
11417,A,P01,23,44,1,Night,Monday
11418,C,P07,36,29,1,Day,Tuesday
11419,A,P06,31,32,0,Day,Thursday
11420,A,P01,5,36,0,Night,Thursday
11421,A,P05,37,39,0,Day,Monday
11422,A,P07,36,52,0,Day,Wednesday
11423,C,P05,9,30,0,Day,Saturday
11424,C,P07,21,38,1,Day,Thursday
11425,D,P05,12,51,0,Day,Wednesday
11426,B,P08,38,39,1,Night,Sunday
11427,C,P06,13,46,0,Day,Thursday
11428,C,P04,27,40,0,Day,Saturday
11429,B,P07,39,44,0,Night,Tuesday
11430,C,P08,11,39,1,Night,Friday
11431,A,P07,19,48,1,Night,Monday
11432,A,P05,24,26,0,Night,Tuesday
11433,B,P01,29,38,0,Night,Thursday
11434,D,P07,7,44,0,Day,Saturday
11435,D,P08,28,47,1,Day,Monday
11436,B,P05,38,56,1,Day,Friday
11437,B,P02,26,38,2,Night,Friday
11438,A,P05,15,56,0,Night,Saturday
11439,D,P06,12,35,0,Night,Saturday
11440,C,P04,39,55,0,Day,Thursday
11441,A,P02,12,50,0,Day,Monday
11442,B,P06,31,32,1,Day,Sunday
11443,D,P06,32,45,0,Day,Sunday
11444,C,P06,38,41,0,Day,Thursday
11445,C,P01,36,48,0,Day,Friday
11446,A,P06,19,39,0,Night,Tuesday
11447,D,P01,21,38,2,Day,Tuesday
11448,D,P06,37,55,0,Day,Wednesday
11449,B,P03,20,41,1,Day,Friday
11450,D,P08,33,50,0,Day,Sunday
11451,D,P02,13,39,0,Day,Sunday
11452,A,P03,37,58,0,Night,Friday
11453,D,P06,33,35,1,Day,Thursday
11454,C,P02,17,35,0,Day,Wednesday
11455,A,P02,25,57,0,Night,Saturday
11456,A,P07,25,37,2,Night,Wednesday
11457,B,P04,9,58,2,Day,Monday
11458,D,P03,14,50,0,Day,Thursday
11459,B,P04,10,40,1,Day,Saturday
11460,C,P02,17,23,0,Day,Saturday
11461,A,P01,5,41,2,Day,Sunday
11462,A,P02,24,43,1,Night,Tuesday
11463,A,P04,12,53,1,Night,Monday
11464,C,P03,14,57,1,Day,Wednesday
11465,C,P06,13,35,1,Day,Tuesday
11466,B,P07,7,50,1,Night,Friday
11467,B,P07,15,49,0,Night,Thursday
11468,B,P07,16,52,0,Day,Wednesday
11469,D,P06,14,46,0,Day,Friday
11470,A,P07,29,22,0,Day,Saturday
11471,A,P03,29,40,1,Day,Sunday
11472,B,P06,15,30,0,Day,Wednesday
11473,A,P07,30,39,0,Day,Tuesday
11474,B,P06,18,51,0,Night,Monday
11475,D,P04,5,45,1,Night,Tuesday
11476,D,P08,8,53,0,Night,Thursday
11477,C,P08,34,45,1,Night,Sunday
11478,D,P03,16,29,1,Day,Thursday
11479,B,P05,39,16,0,Night,Wednesday
11480,D,P01,17,43,1,Night,Tuesday
11481,C,P07,35,39,2,Day,Monday
11482,A,P01,27,32,0,Night,Saturday
11483,B,P06,8,24,1,Day,Thursday
11484,A,P01,20,34,0,Day,Monday
11485,C,P03,11,40,1,Night,Friday
11486,C,P03,26,48,1,Night,Wednesday
11487,C,P02,33,43,1,Night,Monday
11488,A,P08,15,58,0,Day,Wednesday
11489,A,P07,37,31,2,Night,Friday
11490,A,P02,33,50,2,Day,Monday
11491,A,P01,16,42,0,Night,Sunday
11492,C,P05,11,48,0,Day,Monday
11493,C,P02,30,37,0,Night,Saturday
11494,B,P02,13,52,2,Night,Friday
11495,B,P03,38,44,0,Day,Sunday
11496,A,P05,17,35,1,Night,Sunday
11497,D,P06,29,41,0,Night,Tuesday
11498,D,P01,28,39,0,Day,Monday
11499,C,P02,21,46,2,Night,Saturday
11500,C,P05,6,30,1,Night,Monday
11501,C,P08,17,41,2,Day,Saturday
11502,B,P07,35,45,0,Night,Sunday
11503,B,P05,33,42,0,Day,Thursday
11504,C,P08,32,55,0,Night,Sunday
11505,C,P01,31,49,0,Night,Tuesday
11506,C,P05,19,41,0,Day,Monday
11507,D,P08,35,44,1,Night,Friday
11508,B,P05,19,44,0,Day,Wednesday
11509,D,P05,37,46,0,Day,Friday
11510,D,P07,24,23,1,Night,Tuesday
11511,C,P08,16,38,1,Day,Thursday
11512,C,P08,13,27,1,Night,Thursday
11513,A,P02,27,54,1,Day,Thursday
11514,A,P01,12,41,0,Night,Saturday
11515,D,P07,36,40,0,Night,Friday
11516,B,P05,18,50,0,Day,Wednesday
11517,C,P05,31,46,0,Night,Sunday
11518,C,P02,29,30,0,Night,Sunday
11519,D,P01,17,41,2,Night,Wednesday
11520,A,P03,25,38,2,Day,Sunday
11521,B,P07,35,24,1,Night,Saturday
11522,A,P02,9,35,2,Night,Monday
11523,A,P01,17,40,1,Day,Saturday
11524,A,P07,32,40,0,Night,Wednesday
11525,A,P05,29,27,2,Day,Wednesday
11526,C,P01,39,53,1,Day,Monday
11527,C,P01,11,40,0,Night,Friday
11528,A,P06,36,42,0,Day,Friday
11529,B,P01,7,46,2,Night,Tuesday
11530,D,P03,26,34,1,Night,Friday
11531,B,P01,12,46,1,Night,Thursday
11532,B,P03,21,38,1,Day,Thursday
11533,B,P05,31,33,0,Day,Tuesday
11534,A,P03,37,47,1,Night,Wednesday
11535,C,P07,21,56,2,Night,Tuesday
11536,B,P05,16,49,0,Day,Monday
11537,A,P05,31,51,0,Night,Tuesday
11538,B,P03,12,36,0,Day,Tuesday
11539,B,P08,27,26,1,Day,Saturday
11540,A,P02,33,56,0,Night,Thursday
11541,C,P04,24,62,0,Night,Monday
11542,C,P08,20,57,0,Night,Saturday
11543,D,P01,21,38,1,Day,Monday
11544,A,P06,20,30,0,Day,Tuesday
11545,D,P04,23,31,0,Day,Saturday
11546,D,P01,12,25,0,Day,Saturday
11547,D,P08,33,40,0,Night,Monday
11548,C,P08,30,58,0,Day,Monday
11549,A,P01,35,40,0,Night,Friday
11550,D,P05,16,45,0,Day,Sunday
11551,A,P01,21,55,0,Day,Monday
11552,A,P06,19,37,0,Night,Saturday
11553,C,P08,13,62,0,Day,Wednesday
11554,D,P01,16,61,0,Night,Monday
11555,D,P03,36,40,2,Day,Thursday
11556,A,P04,29,36,2,Night,Friday
11557,B,P03,22,48,0,Day,Thursday
11558,C,P06,19,38,1,Day,Sunday
11559,C,P01,36,30,0,Night,Thursday
11560,C,P07,10,54,0,Night,Wednesday
11561,C,P06,39,54,0,Night,Friday
11562,D,P05,38,43,1,Day,Sunday
11563,D,P03,9,29,0,Day,Tuesday
11564,B,P03,22,29,0,Day,Saturday
11565,C,P02,20,43,0,Day,Saturday
11566,C,P01,12,37,0,Day,Monday
11567,A,P05,29,38,2,Day,Saturday
11568,D,P07,36,52,0,Night,Wednesday
11569,C,P03,30,49,2,Day,Saturday
11570,B,P03,26,55,0,Day,Wednesday
11571,B,P05,35,32,0,Night,Tuesday
11572,D,P06,14,38,0,Night,Wednesday
11573,B,P06,16,49,0,Night,Tuesday
11574,B,P01,32,46,1,Night,Tuesday
11575,D,P08,10,57,1,Night,Tuesday
11576,C,P02,24,46,1,Day,Wednesday
11577,C,P03,9,60,2,Day,Sunday
11578,B,P08,27,47,1,Night,Tuesday
11579,B,P08,13,52,0,Night,Sunday
11580,C,P02,33,38,1,Day,Wednesday
11581,D,P08,20,42,0,Night,Friday
11582,B,P08,26,51,0,Day,Tuesday
11583,A,P06,12,58,0,Day,Wednesday
11584,D,P06,24,49,0,Night,Wednesday
11585,B,P04,18,41,2,Day,Sunday
11586,B,P07,38,55,0,Day,Wednesday
11587,A,P01,15,20,0,Day,Monday
11588,A,P08,37,27,1,Day,Sunday
11589,C,P04,35,48,0,Night,Sunday
11590,D,P07,38,42,0,Night,Monday
11591,D,P04,11,48,1,Night,Tuesday
11592,C,P04,27,42,1,Night,Saturday
11593,D,P01,11,47,2,Night,Friday
11594,D,P01,29,33,0,Day,Saturday
11595,D,P05,7,47,2,Day,Tuesday
11596,D,P02,24,51,2,Day,Thursday
11597,D,P02,38,54,0,Day,Thursday
11598,A,P05,34,62,0,Night,Friday
11599,D,P05,21,44,0,Night,Sunday
11600,A,P06,14,44,1,Day,Friday
11601,D,P07,39,26,0,Night,Friday
11602,C,P04,24,36,0,Day,Monday
11603,B,P08,22,40,0,Day,Monday
11604,A,P05,31,52,0,Night,Thursday
11605,D,P03,27,35,0,Night,Friday
11606,C,P02,36,49,0,Night,Wednesday
11607,B,P05,14,41,0,Day,Saturday
11608,A,P03,15,40,1,Night,Thursday
11609,B,P03,10,44,0,Day,Friday
11610,C,P03,38,38,0,Night,Wednesday
11611,A,P06,21,37,1,Day,Friday
11612,B,P06,16,24,0,Night,Sunday
11613,D,P08,25,39,0,Day,Tuesday
11614,A,P08,23,37,0,Day,Wednesday
11615,B,P03,7,36,0,Night,Sunday
11616,C,P07,22,46,0,Day,Saturday
11617,C,P06,23,48,0,Night,Tuesday
11618,A,P04,10,44,1,Night,Sunday
11619,B,P03,20,51,0,Night,Monday
11620,A,P04,12,47,0,Day,Thursday
11621,A,P04,22,39,1,Night,Friday
11622,B,P03,16,37,0,Day,Thursday
11623,B,P02,14,45,1,Night,Saturday
11624,D,P07,11,47,1,Night,Friday
11625,B,P03,5,55,1,Day,Tuesday
11626,C,P08,25,53,0,Day,Wednesday
11627,A,P03,28,36,0,Night,Wednesday
11628,A,P06,29,40,0,Day,Friday
11629,C,P03,11,48,0,Night,Tuesday
11630,B,P02,21,52,0,Day,Friday
11631,C,P06,33,51,0,Day,Friday
11632,C,P08,34,41,1,Night,Sunday
11633,D,P01,11,29,0,Day,Friday
11634,C,P01,37,32,0,Night,Wednesday
11635,A,P04,11,44,1,Night,Saturday
11636,C,P07,28,45,0,Day,Friday
11637,A,P04,15,31,1,Night,Wednesday
11638,A,P02,13,42,1,Day,Monday
11639,A,P05,16,48,0,Day,Tuesday
11640,B,P08,39,30,0,Night,Monday
11641,D,P07,8,53,1,Day,Friday
11642,A,P08,32,38,0,Night,Wednesday
11643,A,P01,17,54,0,Night,Tuesday
11644,B,P04,27,36,1,Day,Thursday
11645,A,P08,23,31,0,Day,Tuesday
11646,C,P01,28,37,0,Night,Tuesday
11647,C,P02,20,41,0,Night,Friday
11648,D,P02,37,38,2,Night,Sunday
11649,A,P05,16,39,0,Day,Monday
11650,B,P08,38,45,0,Day,Monday
11651,C,P05,11,40,2,Night,Thursday
11652,B,P06,15,41,2,Day,Friday
11653,B,P07,35,24,0,Night,Tuesday
11654,C,P08,33,45,1,Day,Sunday
11655,B,P02,17,41,0,Night,Saturday
11656,C,P04,35,58,2,Night,Monday
11657,B,P01,6,32,1,Night,Monday
11658,C,P03,19,23,0,Night,Wednesday
11659,A,P05,15,48,0,Night,Tuesday
11660,D,P03,38,45,0,Night,Friday
11661,C,P08,8,31,0,Day,Monday
11662,C,P04,15,26,2,Night,Sunday
11663,D,P05,33,57,0,Night,Friday
11664,C,P03,6,56,1,Night,Tuesday
11665,C,P07,20,17,2,Night,Tuesday
11666,B,P04,17,37,0,Night,Monday
11667,D,P01,21,58,0,Day,Thursday
11668,A,P07,25,37,0,Night,Friday
11669,C,P04,23,37,0,Night,Friday
11670,D,P06,11,39,0,Night,Wednesday
11671,B,P05,12,30,1,Night,Sunday
11672,A,P02,17,24,0,Day,Tuesday
11673,D,P01,6,52,1,Day,Tuesday
11674,A,P08,15,23,0,Night,Monday
11675,A,P07,28,44,0,Night,Monday
11676,A,P07,10,50,2,Day,Monday
11677,C,P03,30,27,1,Night,Wednesday
11678,C,P05,11,32,1,Day,Sunday
11679,B,P08,23,54,2,Night,Thursday
11680,B,P02,10,47,1,Day,Monday
11681,D,P04,33,35,1,Day,Monday
11682,B,P02,6,54,1,Night,Saturday
11683,A,P05,23,54,0,Night,Sunday
11684,A,P05,8,44,1,Night,Monday
11685,C,P06,10,32,0,Night,Wednesday
11686,A,P06,32,37,0,Day,Friday
11687,D,P02,34,44,0,Day,Thursday
11688,A,P04,11,40,0,Night,Friday
11689,A,P02,13,51,0,Day,Saturday
11690,D,P05,29,26,0,Night,Tuesday
11691,B,P05,37,27,0,Night,Tuesday
11692,B,P03,5,43,0,Night,Monday
11693,D,P06,10,37,0,Day,Saturday
11694,C,P08,22,35,1,Night,Friday
11695,A,P08,14,24,2,Day,Wednesday
11696,D,P08,32,42,0,Night,Thursday
11697,A,P03,15,41,0,Day,Sunday
11698,C,P01,37,48,0,Day,Friday
11699,A,P08,5,42,0,Day,Saturday
11700,D,P05,17,40,0,Day,Saturday
11701,A,P03,24,53,2,Night,Sunday
11702,B,P02,5,28,0,Day,Friday
11703,C,P06,7,47,1,Day,Thursday
11704,C,P06,22,25,2,Night,Friday
11705,C,P04,18,33,0,Day,Friday
11706,D,P02,35,29,1,Night,Thursday
11707,C,P04,31,49,1,Day,Wednesday
11708,B,P03,21,41,1,Night,Sunday
11709,D,P07,33,41,0,Day,Saturday
11710,B,P08,30,30,0,Day,Thursday
11711,A,P01,21,39,2,Day,Monday
11712,A,P02,26,34,0,Day,Monday
11713,A,P02,29,45,0,Night,Monday
11714,A,P02,6,32,0,Day,Monday
11715,B,P04,26,55,0,Night,Sunday
11716,D,P03,9,25,2,Night,Tuesday
11717,D,P02,8,33,2,Night,Wednesday
11718,C,P07,10,58,1,Night,Tuesday
11719,B,P02,25,37,0,Day,Friday
11720,A,P06,17,28,2,Day,Friday
11721,B,P08,29,44,2,Day,Thursday
11722,C,P01,30,37,2,Day,Monday
11723,C,P08,24,33,0,Day,Thursday
11724,B,P06,37,31,2,Day,Friday
11725,B,P06,18,69,2,Night,Monday
11726,B,P01,21,39,0,Night,Sunday
11727,D,P07,25,22,0,Day,Saturday
11728,A,P03,20,56,0,Day,Wednesday
11729,B,P06,20,48,0,Day,Friday
11730,B,P03,24,34,0,Night,Saturday
11731,B,P06,33,32,0,Day,Thursday
11732,C,P05,32,48,0,Day,Saturday
11733,C,P01,12,39,0,Day,Thursday
11734,D,P06,28,22,2,Night,Friday
11735,A,P05,7,59,0,Night,Tuesday
11736,D,P08,29,37,2,Day,Sunday
11737,A,P04,23,56,2,Night,Sunday
11738,C,P05,37,54,0,Night,Wednesday
11739,C,P02,6,31,2,Night,Sunday
11740,C,P06,19,52,2,Day,Saturday
11741,D,P05,26,35,0,Day,Sunday
11742,B,P03,14,23,0,Night,Saturday
11743,B,P04,22,37,1,Night,Friday
11744,C,P07,26,45,0,Night,Sunday
11745,B,P06,31,37,0,Day,Friday
11746,B,P02,17,38,0,Night,Sunday
11747,D,P07,37,53,1,Night,Thursday
11748,A,P05,9,43,0,Day,Monday
11749,C,P07,30,33,0,Night,Monday
11750,C,P07,17,49,2,Night,Monday
11751,D,P04,31,43,1,Day,Thursday
11752,D,P08,18,16,0,Night,Monday
11753,B,P07,28,46,0,Night,Friday
11754,C,P07,7,45,2,Night,Tuesday
11755,A,P06,34,42,0,Night,Tuesday
11756,D,P08,39,50,0,Day,Sunday
11757,A,P04,18,35,1,Day,Tuesday
11758,A,P02,16,45,2,Day,Monday
11759,C,P05,32,26,0,Night,Tuesday
11760,C,P04,33,46,0,Day,Saturday
11761,D,P04,21,61,2,Day,Monday
11762,C,P01,25,32,1,Night,Saturday
11763,C,P04,27,34,0,Day,Friday
11764,C,P08,24,34,0,Night,Saturday
11765,A,P01,15,43,0,Night,Friday
11766,D,P05,38,31,0,Night,Thursday
11767,B,P07,14,46,2,Day,Thursday
11768,A,P06,14,50,0,Day,Sunday
11769,C,P06,10,47,0,Night,Saturday
11770,A,P05,28,24,2,Day,Wednesday
11771,C,P05,16,51,1,Night,Friday
11772,C,P08,27,51,1,Day,Monday
11773,A,P03,31,50,0,Day,Wednesday
11774,D,P07,10,45,1,Day,Friday
11775,C,P05,5,44,1,Day,Monday
11776,D,P04,10,52,1,Day,Friday
11777,B,P08,26,61,0,Night,Friday
11778,C,P06,28,32,2,Day,Monday
11779,D,P02,29,52,1,Day,Friday
11780,D,P08,19,41,0,Day,Friday
11781,B,P06,30,40,0,Day,Friday
11782,D,P01,12,26,0,Day,Sunday
11783,D,P08,28,39,0,Night,Thursday
11784,B,P06,10,32,1,Night,Tuesday
11785,C,P03,39,37,1,Night,Friday
11786,D,P08,5,31,1,Day,Sunday
11787,D,P08,16,37,0,Day,Monday
11788,D,P07,15,37,2,Night,Saturday
11789,A,P05,16,42,1,Night,Friday
11790,B,P07,11,25,1,Night,Sunday
11791,A,P08,15,27,2,Night,Thursday
11792,B,P05,35,45,1,Day,Sunday
11793,C,P06,37,34,0,Night,Thursday
11794,C,P02,17,52,0,Day,Saturday
11795,D,P02,22,44,0,Night,Friday
11796,B,P08,28,48,0,Day,Wednesday
11797,C,P03,13,56,0,Day,Saturday
11798,B,P01,35,38,0,Day,Tuesday
11799,C,P06,14,36,1,Night,Monday
11800,A,P05,6,50,0,Day,Sunday
11801,C,P08,19,47,2,Day,Monday
11802,A,P06,7,40,1,Night,Monday
11803,C,P08,35,55,0,Night,Monday
11804,D,P03,10,39,1,Night,Thursday
11805,A,P04,7,42,0,Night,Sunday
11806,C,P04,15,42,0,Night,Tuesday
11807,D,P03,19,32,0,Night,Friday
11808,A,P05,32,42,2,Day,Friday
11809,D,P07,14,55,2,Day,Wednesday
11810,B,P03,11,46,0,Night,Friday
11811,B,P08,19,42,0,Night,Tuesday
11812,A,P05,22,40,0,Day,Friday
11813,C,P02,22,45,0,Day,Thursday
11814,A,P03,28,49,0,Day,Saturday
11815,D,P05,6,48,0,Night,Friday
11816,C,P03,24,38,0,Day,Monday
11817,B,P03,38,45,0,Day,Monday
11818,C,P07,30,46,0,Night,Saturday
11819,B,P07,11,31,0,Night,Monday
11820,C,P08,34,43,0,Night,Monday
11821,C,P05,9,20,1,Day,Thursday
11822,C,P05,15,46,0,Night,Thursday
11823,D,P01,5,48,0,Day,Thursday
11824,D,P03,38,49,0,Day,Friday
11825,A,P04,5,38,0,Night,Saturday
11826,A,P03,23,45,0,Day,Monday
11827,B,P03,6,56,1,Night,Wednesday
11828,D,P05,25,56,2,Night,Saturday
11829,B,P03,24,41,2,Night,Wednesday
11830,A,P06,27,43,0,Night,Monday
11831,B,P03,25,53,0,Day,Tuesday
11832,A,P06,28,26,0,Night,Saturday
11833,D,P07,8,38,1,Day,Friday
11834,C,P04,16,55,0,Day,Wednesday
11835,D,P08,26,51,0,Night,Saturday
11836,B,P05,24,45,0,Day,Saturday
11837,B,P03,22,26,1,Night,Thursday
11838,D,P06,5,41,0,Night,Tuesday
11839,D,P06,34,36,0,Night,Thursday
11840,A,P07,37,45,1,Day,Tuesday
11841,B,P06,28,33,2,Night,Tuesday
11842,B,P08,18,31,1,Night,Friday
11843,D,P02,9,21,0,Day,Saturday
11844,C,P01,15,54,1,Night,Thursday
11845,B,P08,28,38,0,Night,Thursday
11846,C,P04,35,43,2,Night,Wednesday
11847,D,P08,17,41,0,Night,Saturday
11848,D,P07,20,31,0,Night,Monday
11849,A,P07,28,29,0,Night,Monday
11850,B,P08,17,31,0,Day,Wednesday
11851,C,P03,28,34,0,Night,Tuesday
11852,A,P02,30,45,2,Night,Wednesday
11853,B,P03,6,34,2,Night,Wednesday
11854,A,P03,20,59,1,Night,Thursday
11855,D,P08,5,52,0,Day,Wednesday
11856,B,P05,15,50,1,Night,Sunday
11857,A,P05,39,40,1,Day,Tuesday
11858,A,P05,33,57,2,Night,Monday
11859,C,P02,21,39,2,Night,Friday
11860,A,P03,32,41,0,Day,Saturday
11861,B,P01,33,43,2,Day,Wednesday
11862,B,P04,7,49,0,Night,Saturday
11863,C,P05,14,48,1,Night,Wednesday
11864,B,P05,18,37,0,Night,Sunday
11865,D,P07,16,36,0,Night,Saturday
11866,B,P03,34,48,2,Night,Thursday
11867,B,P03,36,49,2,Night,Thursday
11868,A,P02,36,38,0,Day,Saturday
11869,A,P02,36,26,0,Night,Wednesday
11870,B,P05,30,39,0,Night,Sunday
11871,C,P03,5,48,0,Night,Sunday
11872,A,P01,6,60,2,Day,Wednesday
11873,C,P04,21,30,1,Day,Tuesday
11874,B,P08,34,37,1,Day,Monday
11875,B,P03,11,38,2,Night,Monday
11876,D,P07,31,55,0,Day,Sunday
11877,A,P08,13,41,1,Night,Friday
11878,B,P03,26,32,1,Night,Monday
11879,D,P06,38,47,0,Night,Friday
11880,A,P02,5,37,2,Night,Thursday
11881,B,P07,13,29,2,Night,Friday
11882,B,P04,24,33,2,Night,Friday
11883,A,P05,23,59,0,Night,Monday
11884,A,P07,8,45,1,Day,Sunday
11885,A,P03,13,43,0,Day,Wednesday
11886,B,P05,26,39,2,Day,Sunday
11887,B,P03,22,44,0,Night,Thursday
11888,D,P05,16,44,0,Day,Tuesday
11889,C,P04,13,44,0,Night,Friday
11890,A,P02,10,43,0,Day,Friday
11891,B,P04,23,50,1,Day,Saturday
11892,B,P06,11,42,0,Night,Friday
11893,A,P01,20,32,2,Day,Sunday
11894,C,P02,9,35,0,Night,Wednesday
11895,A,P04,20,22,0,Day,Tuesday
11896,C,P06,5,62,1,Day,Sunday
11897,B,P01,23,50,0,Day,Saturday
11898,C,P06,21,33,1,Night,Sunday
11899,D,P03,30,39,0,Night,Monday
11900,B,P08,26,35,1,Day,Thursday
11901,D,P03,12,57,0,Day,Wednesday
11902,A,P05,37,27,0,Night,Tuesday
11903,A,P02,6,43,0,Day,Thursday
11904,A,P03,34,40,0,Day,Monday
11905,C,P07,24,50,1,Night,Thursday
11906,B,P06,22,40,2,Day,Saturday
11907,A,P02,14,24,2,Day,Friday
11908,A,P08,28,39,1,Night,Friday
11909,B,P07,8,32,0,Night,Wednesday
11910,A,P03,8,42,0,Night,Thursday
11911,D,P05,17,56,1,Night,Sunday
11912,B,P04,29,24,0,Day,Friday
11913,B,P05,17,33,0,Night,Wednesday
11914,B,P07,22,36,0,Night,Wednesday
11915,D,P01,28,38,0,Day,Saturday
11916,B,P03,6,49,0,Night,Wednesday
11917,D,P07,37,40,0,Night,Monday
11918,B,P01,23,46,1,Day,Sunday
11919,C,P01,13,35,1,Night,Friday
11920,A,P06,32,44,0,Night,Friday
11921,C,P02,39,49,0,Day,Tuesday
11922,A,P06,14,34,0,Night,Monday
11923,D,P03,5,49,1,Night,Friday
11924,C,P01,25,42,2,Day,Saturday
11925,B,P08,13,52,1,Day,Friday
11926,A,P07,19,39,0,Night,Tuesday
11927,A,P04,39,45,2,Night,Thursday
11928,C,P01,9,41,0,Night,Thursday
11929,D,P07,26,41,1,Day,Monday
11930,C,P08,27,44,2,Night,Wednesday
11931,D,P04,11,47,0,Night,Tuesday
11932,D,P06,27,29,0,Day,Tuesday
11933,A,P06,29,56,0,Night,Friday
11934,C,P02,31,23,0,Night,Saturday
11935,C,P07,10,35,2,Night,Friday
11936,D,P01,38,41,1,Day,Saturday
11937,C,P05,13,46,0,Day,Tuesday
11938,B,P06,37,57,0,Night,Wednesday
11939,B,P06,10,23,0,Night,Thursday
11940,C,P02,35,36,0,Day,Monday
11941,C,P04,38,20,2,Night,Sunday
11942,D,P02,33,42,0,Day,Saturday
11943,B,P08,18,44,0,Day,Thursday
11944,B,P01,19,57,2,Day,Monday
11945,A,P07,12,43,2,Day,Wednesday
11946,D,P03,30,52,0,Day,Tuesday
11947,A,P03,25,47,0,Night,Wednesday
11948,B,P07,32,37,1,Day,Saturday
11949,D,P04,8,27,0,Night,Tuesday
11950,C,P08,20,44,1,Night,Friday
11951,D,P06,26,27,2,Night,Monday
11952,C,P04,16,54,2,Day,Friday
11953,C,P06,20,40,0,Night,Tuesday
11954,D,P06,33,53,0,Night,Sunday
11955,C,P03,22,37,0,Night,Monday
11956,A,P04,14,44,2,Day,Monday
11957,B,P08,22,44,0,Night,Friday
11958,C,P02,5,41,1,Day,Monday
11959,A,P06,25,37,0,Day,Tuesday
11960,C,P05,5,45,0,Night,Sunday
11961,B,P05,19,32,0,Night,Saturday
11962,A,P02,8,29,0,Day,Saturday
11963,B,P05,24,54,0,Day,Tuesday
11964,B,P01,14,49,0,Night,Friday
11965,A,P06,27,42,1,Night,Wednesday
11966,A,P02,38,58,0,Night,Tuesday
11967,A,P04,37,39,0,Night,Saturday
11968,D,P06,38,55,0,Night,Tuesday
11969,A,P02,14,43,2,Day,Monday
11970,A,P03,24,31,0,Day,Monday
11971,A,P08,5,60,2,Day,Tuesday
11972,A,P04,17,51,1,Day,Friday
11973,C,P08,5,40,0,Day,Wednesday
11974,D,P03,9,49,2,Night,Monday
11975,B,P06,20,37,1,Day,Saturday
11976,A,P04,19,50,0,Night,Sunday
11977,C,P08,32,18,0,Day,Monday
11978,C,P05,35,31,2,Day,Saturday
11979,C,P08,27,51,0,Night,Sunday
11980,B,P02,21,39,0,Day,Wednesday
11981,A,P06,38,44,1,Day,Sunday
11982,D,P01,17,28,1,Day,Monday
11983,D,P08,18,60,0,Day,Sunday
11984,C,P04,15,53,1,Night,Friday
11985,B,P04,32,39,0,Day,Saturday
11986,B,P07,36,37,0,Day,Monday
11987,B,P08,39,52,1,Day,Monday
11988,D,P06,35,61,1,Day,Tuesday
11989,C,P06,21,51,0,Day,Friday
11990,A,P03,13,63,0,Day,Friday
11991,D,P07,14,32,1,Day,Tuesday
11992,C,P08,12,33,1,Day,Sunday
11993,C,P05,25,30,0,Night,Saturday
11994,A,P03,17,46,1,Night,Thursday
11995,A,P07,9,43,1,Night,Wednesday
11996,A,P08,10,40,2,Day,Friday
11997,B,P08,34,50,0,Day,Thursday
11998,A,P03,35,54,0,Night,Saturday
11999,C,P05,21,26,2,Night,Wednesday
12000,A,P07,15,36,0,Night,Friday
12001,C,P08,24,50,1,Night,Monday
12002,D,P08,13,37,0,Day,Friday
12003,B,P07,6,34,0,Night,Wednesday
12004,D,P01,5,52,0,Day,Sunday
12005,D,P03,8,29,1,Night,Thursday
12006,C,P03,29,38,2,Day,Sunday
12007,D,P04,7,45,0,Day,Monday
12008,C,P05,13,36,1,Day,Wednesday
12009,A,P02,26,49,1,Day,Saturday
12010,A,P01,27,36,0,Night,Sunday
12011,C,P07,16,56,0,Day,Wednesday
12012,A,P07,14,40,1,Day,Friday
12013,B,P07,38,48,0,Night,Saturday
12014,D,P01,14,49,1,Night,Tuesday
12015,B,P08,34,35,0,Night,Tuesday
12016,D,P07,26,21,0,Night,Sunday
12017,A,P07,10,45,0,Day,Monday
12018,B,P05,6,42,1,Night,Wednesday
12019,A,P06,34,47,2,Day,Thursday
12020,D,P06,6,39,1,Night,Monday
12021,C,P04,36,37,0,Day,Saturday
12022,C,P04,20,62,2,Night,Sunday
12023,B,P07,16,27,1,Night,Monday
12024,A,P05,5,49,1,Night,Sunday
12025,A,P07,12,36,0,Night,Friday
12026,B,P04,17,38,0,Day,Saturday
12027,C,P01,19,38,1,Night,Thursday
12028,D,P01,12,33,0,Day,Wednesday
12029,B,P08,14,47,0,Day,Saturday
12030,D,P02,9,55,1,Night,Wednesday
12031,C,P06,23,46,1,Night,Wednesday
12032,A,P05,15,43,0,Day,Monday
12033,C,P03,24,32,0,Day,Friday
12034,B,P06,24,47,0,Day,Monday
12035,A,P03,25,63,0,Day,Tuesday
12036,B,P02,22,38,1,Day,Tuesday
12037,B,P02,14,38,1,Night,Wednesday
12038,C,P07,38,36,0,Night,Friday
12039,B,P04,30,37,0,Day,Saturday
12040,C,P02,34,14,0,Night,Wednesday
12041,A,P02,13,46,0,Day,Saturday
12042,C,P03,35,33,0,Night,Wednesday
12043,A,P04,8,25,1,Day,Monday
12044,C,P02,10,49,0,Night,Wednesday
12045,D,P06,18,31,1,Night,Wednesday
12046,D,P08,8,38,0,Day,Friday
12047,B,P02,30,56,0,Night,Friday
12048,C,P08,21,27,2,Day,Sunday
12049,C,P04,23,26,1,Day,Saturday
12050,A,P07,10,44,1,Night,Friday
12051,B,P05,33,53,0,Day,Wednesday
12052,C,P04,15,26,0,Night,Friday
12053,B,P03,20,46,1,Night,Friday
12054,D,P05,34,47,0,Day,Thursday
12055,C,P06,29,21,0,Night,Thursday
12056,C,P01,15,49,0,Day,Tuesday
12057,B,P08,11,50,0,Day,Monday
12058,C,P08,30,38,0,Night,Sunday
12059,B,P08,26,54,2,Day,Sunday
12060,C,P04,29,53,0,Night,Monday
12061,A,P08,23,43,0,Night,Friday
12062,B,P07,35,37,0,Day,Tuesday
12063,C,P08,30,32,1,Night,Tuesday
12064,D,P03,27,41,1,Day,Saturday
12065,C,P06,17,47,1,Day,Sunday
12066,D,P08,29,38,0,Day,Thursday
12067,D,P08,6,20,1,Day,Tuesday
12068,A,P05,6,54,0,Night,Wednesday
12069,B,P06,20,43,0,Day,Saturday
12070,C,P08,13,38,0,Day,Sunday
12071,A,P04,32,50,2,Day,Friday
12072,C,P02,17,57,0,Night,Wednesday
12073,D,P07,39,13,1,Night,Monday
12074,B,P04,17,46,0,Day,Sunday
12075,C,P01,35,27,0,Night,Thursday
12076,C,P04,25,46,1,Night,Wednesday
12077,D,P05,36,43,1,Day,Friday
12078,C,P05,38,48,0,Day,Wednesday
12079,C,P08,12,37,0,Night,Wednesday
12080,D,P04,6,23,1,Night,Tuesday
12081,A,P05,36,37,0,Night,Thursday
12082,D,P02,32,46,1,Day,Monday
12083,A,P06,5,52,0,Night,Friday
12084,B,P04,14,30,0,Night,Saturday
12085,A,P07,8,52,1,Night,Saturday
12086,A,P02,39,35,0,Night,Friday
12087,B,P08,14,45,0,Day,Monday
12088,A,P06,15,36,1,Day,Friday
12089,D,P07,18,43,0,Day,Tuesday
12090,A,P08,16,50,0,Night,Saturday
12091,B,P07,21,29,1,Day,Sunday
12092,D,P08,20,35,0,Night,Saturday
12093,B,P07,39,43,1,Night,Sunday
12094,B,P06,6,66,1,Day,Wednesday
12095,C,P02,15,33,0,Night,Tuesday
12096,C,P07,7,62,1,Night,Saturday
12097,B,P07,33,62,0,Night,Tuesday
12098,B,P03,22,41,0,Day,Tuesday
12099,B,P04,24,39,1,Day,Monday
12100,C,P06,18,35,0,Day,Saturday
12101,C,P08,38,41,0,Day,Sunday
12102,A,P06,35,27,1,Day,Thursday
12103,A,P05,22,41,1,Day,Sunday
12104,B,P08,34,56,0,Day,Monday
12105,D,P06,29,35,0,Day,Monday
12106,D,P02,23,39,1,Day,Tuesday
12107,C,P08,12,24,0,Day,Thursday
12108,C,P08,32,45,0,Night,Monday
12109,C,P06,12,44,0,Day,Thursday
12110,B,P08,35,42,0,Night,Saturday
12111,D,P03,7,39,0,Night,Tuesday
12112,A,P04,7,39,0,Day,Monday
12113,B,P08,26,47,0,Day,Thursday
12114,A,P04,21,41,2,Night,Friday
12115,A,P06,21,45,0,Day,Sunday
12116,B,P07,18,44,0,Day,Monday
12117,A,P01,13,53,1,Night,Monday
12118,D,P01,34,48,0,Day,Monday
12119,A,P07,25,43,0,Day,Thursday
12120,D,P07,16,57,1,Night,Wednesday
12121,D,P07,36,46,0,Night,Saturday
12122,D,P02,15,55,0,Night,Sunday
12123,C,P01,24,48,0,Day,Monday
12124,A,P07,39,23,0,Night,Friday
12125,B,P02,15,55,1,Day,Friday
12126,B,P05,12,43,2,Day,Tuesday
12127,A,P08,8,41,0,Day,Wednesday
12128,C,P02,31,44,0,Night,Wednesday
12129,C,P01,34,38,0,Day,Thursday
12130,D,P06,31,44,2,Day,Tuesday
12131,A,P05,25,36,0,Night,Sunday
12132,A,P01,24,54,1,Night,Thursday
12133,B,P08,8,40,0,Day,Tuesday
12134,A,P02,15,38,0,Night,Saturday
12135,C,P03,17,32,0,Day,Wednesday
12136,A,P04,13,44,0,Day,Sunday
12137,B,P08,8,43,1,Day,Saturday
12138,D,P01,16,45,0,Night,Sunday
12139,B,P07,13,31,0,Night,Thursday
12140,B,P02,17,25,0,Day,Tuesday
12141,D,P07,30,48,0,Day,Wednesday
12142,B,P07,17,56,0,Day,Wednesday
12143,B,P07,32,31,0,Day,Sunday
12144,A,P07,23,57,0,Night,Sunday
12145,A,P07,28,44,0,Night,Sunday
12146,D,P05,23,41,0,Night,Monday
12147,A,P01,17,38,0,Night,Thursday
12148,A,P08,17,28,1,Night,Monday
12149,B,P01,32,51,0,Day,Sunday
12150,C,P08,6,34,1,Night,Sunday
12151,A,P04,14,34,2,Day,Wednesday
12152,C,P02,26,51,0,Day,Thursday
12153,A,P03,17,23,2,Night,Thursday
12154,A,P05,13,26,2,Night,Saturday
12155,D,P02,37,41,0,Day,Friday
12156,D,P05,18,44,0,Day,Tuesday
12157,D,P08,24,46,1,Day,Friday
12158,C,P01,19,38,1,Night,Friday
12159,B,P07,36,67,1,Night,Sunday
12160,A,P04,37,39,0,Night,Wednesday
12161,A,P04,21,39,0,Night,Saturday
12162,A,P06,28,34,0,Day,Tuesday
12163,C,P03,34,43,1,Night,Sunday
12164,D,P04,17,48,0,Day,Sunday
12165,B,P07,20,54,0,Night,Friday
12166,C,P01,6,27,0,Night,Friday
12167,D,P03,21,39,2,Night,Thursday
12168,C,P08,36,46,0,Day,Wednesday
12169,B,P02,12,47,0,Day,Friday
12170,D,P08,7,42,0,Night,Tuesday
12171,C,P07,16,47,0,Day,Monday
12172,B,P07,24,33,2,Day,Sunday
12173,A,P04,20,57,2,Night,Monday
12174,B,P03,18,51,1,Night,Wednesday
12175,A,P01,20,28,1,Day,Monday
12176,C,P08,37,31,1,Night,Thursday
12177,D,P06,34,31,2,Day,Thursday
12178,D,P08,16,48,0,Day,Tuesday
12179,C,P05,19,29,2,Night,Saturday
12180,D,P05,22,38,1,Day,Wednesday
12181,D,P01,32,46,0,Night,Wednesday
12182,A,P01,27,41,0,Day,Sunday
12183,C,P05,18,44,1,Day,Monday
12184,B,P06,34,31,1,Day,Friday
12185,A,P03,37,47,0,Day,Friday
12186,C,P05,19,35,0,Day,Saturday
12187,A,P01,11,38,1,Day,Sunday
12188,B,P04,19,44,1,Night,Friday
12189,B,P02,15,43,1,Day,Saturday
12190,C,P06,33,42,1,Day,Sunday
12191,B,P07,35,34,0,Day,Tuesday
12192,A,P06,29,39,1,Night,Wednesday
12193,B,P04,28,42,0,Day,Monday
12194,A,P04,23,28,1,Day,Tuesday
12195,A,P07,6,37,0,Day,Thursday
12196,B,P08,26,45,1,Night,Thursday
12197,C,P01,24,29,0,Night,Thursday
12198,D,P05,37,53,0,Night,Saturday
12199,B,P08,12,54,1,Day,Saturday
12200,A,P03,29,29,0,Day,Sunday
12201,A,P06,13,55,0,Day,Wednesday
12202,B,P07,38,40,1,Night,Thursday
12203,C,P06,27,46,1,Day,Saturday
12204,C,P08,9,37,1,Night,Sunday
12205,A,P04,29,51,1,Night,Saturday
12206,A,P05,12,46,1,Day,Friday
12207,C,P06,20,33,1,Day,Saturday
12208,D,P03,19,30,0,Night,Thursday
12209,B,P04,5,27,2,Day,Tuesday
12210,A,P03,26,43,0,Night,Thursday
12211,A,P05,7,47,2,Night,Sunday
12212,C,P06,18,48,0,Day,Sunday
12213,B,P02,22,40,0,Day,Sunday
12214,C,P08,22,30,2,Day,Friday
12215,B,P06,7,35,0,Day,Thursday
12216,B,P08,14,53,1,Day,Monday
12217,B,P05,5,37,1,Day,Friday
12218,A,P06,31,43,0,Day,Wednesday
12219,D,P08,31,31,2,Night,Thursday
12220,C,P07,15,45,0,Day,Saturday
12221,D,P08,9,37,2,Day,Tuesday
12222,C,P06,11,52,1,Day,Thursday
12223,B,P01,23,49,2,Day,Tuesday
12224,A,P06,33,37,0,Night,Sunday
12225,D,P06,19,40,0,Day,Sunday
12226,A,P08,39,36,1,Night,Monday
12227,C,P03,16,27,0,Night,Wednesday
12228,A,P02,34,33,0,Night,Saturday
12229,A,P03,24,43,0,Night,Friday
12230,D,P08,7,45,0,Night,Friday
12231,B,P03,13,43,1,Day,Wednesday
12232,A,P04,30,38,1,Night,Monday
12233,B,P01,6,51,0,Night,Monday
12234,C,P03,27,42,0,Day,Sunday
12235,A,P07,27,49,2,Night,Thursday
12236,D,P05,25,24,0,Day,Monday
12237,C,P07,20,2,1,Day,Thursday
12238,C,P05,13,44,0,Day,Tuesday
12239,D,P06,17,27,0,Day,Wednesday
12240,A,P04,32,39,1,Night,Tuesday
12241,A,P01,31,38,2,Night,Tuesday
12242,C,P07,21,57,2,Night,Tuesday
12243,A,P01,5,45,0,Day,Tuesday
12244,B,P07,22,43,0,Day,Friday
12245,D,P06,13,50,0,Day,Monday
12246,B,P05,17,45,0,Night,Wednesday
12247,A,P02,19,37,2,Day,Wednesday
12248,C,P04,8,52,2,Night,Saturday
12249,D,P07,37,30,1,Night,Tuesday
12250,A,P07,28,45,1,Day,Wednesday
12251,A,P06,14,26,1,Day,Sunday
12252,C,P04,24,44,1,Day,Thursday
12253,C,P05,15,43,0,Day,Wednesday
12254,B,P05,16,58,0,Day,Sunday
12255,D,P07,22,26,0,Night,Tuesday
12256,D,P02,34,35,1,Night,Wednesday
12257,C,P02,24,50,0,Day,Monday
12258,B,P01,29,45,0,Day,Tuesday
12259,D,P04,16,43,0,Day,Friday
12260,C,P04,25,32,1,Night,Sunday
12261,A,P05,29,36,0,Night,Monday
12262,D,P01,15,54,0,Night,Wednesday
12263,B,P06,13,41,0,Night,Friday
12264,B,P04,29,45,1,Day,Saturday
12265,B,P01,39,40,0,Night,Monday
12266,A,P01,36,30,2,Night,Saturday
12267,D,P07,18,51,1,Day,Thursday
12268,D,P05,5,47,2,Day,Monday
12269,A,P01,21,65,1,Night,Friday
12270,D,P08,29,31,0,Day,Saturday
12271,A,P02,12,50,0,Day,Thursday
12272,A,P08,9,28,0,Day,Saturday
12273,A,P02,9,43,0,Night,Wednesday
12274,B,P03,39,51,1,Night,Tuesday
12275,D,P05,23,21,0,Day,Saturday
12276,A,P07,27,39,0,Day,Wednesday
12277,D,P06,13,36,0,Night,Tuesday
12278,B,P08,34,34,0,Night,Tuesday
12279,A,P08,20,45,1,Day,Friday
12280,C,P03,37,53,0,Day,Sunday
12281,B,P02,6,40,0,Night,Thursday
12282,C,P07,18,44,0,Day,Sunday
12283,D,P03,5,43,2,Night,Thursday
12284,D,P05,30,42,1,Day,Monday
12285,B,P07,29,31,0,Night,Wednesday
12286,D,P05,20,53,2,Day,Friday
12287,C,P01,19,44,1,Night,Saturday
12288,A,P04,30,45,1,Day,Wednesday
12289,A,P01,20,33,1,Day,Saturday
12290,A,P05,18,37,0,Day,Sunday
12291,B,P08,33,40,0,Day,Saturday
12292,D,P07,28,26,0,Night,Sunday
12293,C,P02,19,25,0,Day,Sunday
12294,D,P06,23,35,2,Night,Saturday
12295,D,P02,12,47,0,Night,Monday
12296,D,P07,38,35,0,Day,Sunday
12297,A,P01,6,31,1,Night,Monday
12298,C,P06,31,33,0,Day,Friday
12299,C,P07,14,37,0,Night,Monday
12300,D,P05,39,38,0,Day,Friday
12301,A,P08,27,63,1,Day,Monday
12302,A,P02,12,52,0,Night,Thursday
12303,C,P05,32,52,0,Night,Friday
12304,A,P06,27,53,0,Day,Thursday
12305,A,P06,8,32,1,Night,Sunday
12306,A,P02,18,29,2,Day,Thursday
12307,B,P05,33,30,0,Day,Friday
12308,D,P03,5,55,1,Night,Wednesday
12309,C,P05,8,36,1,Day,Sunday
12310,C,P06,36,29,1,Night,Sunday
12311,B,P05,37,37,0,Day,Tuesday
12312,D,P08,30,39,0,Day,Monday
12313,C,P07,21,44,0,Day,Saturday
12314,A,P01,27,44,0,Night,Monday
12315,C,P08,36,33,1,Day,Saturday
12316,A,P03,19,48,1,Day,Wednesday
12317,B,P04,17,35,2,Night,Tuesday
12318,A,P07,6,40,0,Day,Wednesday
12319,C,P01,23,48,0,Night,Tuesday
12320,C,P04,28,35,2,Night,Friday
12321,C,P02,28,36,2,Night,Friday
12322,B,P04,15,47,2,Day,Saturday
12323,B,P07,26,33,0,Night,Thursday
12324,D,P05,19,38,2,Day,Thursday
12325,C,P07,14,47,0,Night,Saturday
12326,A,P08,31,62,0,Day,Friday
12327,B,P04,13,48,0,Night,Saturday
12328,C,P06,32,46,2,Night,Thursday
12329,C,P01,5,47,0,Night,Saturday
12330,B,P01,21,31,1,Day,Friday
12331,D,P04,35,43,0,Night,Wednesday
12332,B,P01,14,41,0,Day,Monday
12333,B,P06,33,45,0,Day,Friday
12334,A,P07,22,43,2,Day,Saturday
12335,A,P01,10,45,0,Day,Friday
12336,D,P04,16,38,0,Day,Friday
12337,C,P03,18,42,0,Day,Thursday
12338,B,P03,14,29,1,Night,Saturday
12339,D,P02,24,38,2,Night,Thursday
12340,A,P08,19,55,1,Day,Saturday
12341,B,P01,35,45,0,Day,Thursday
12342,C,P08,11,41,1,Night,Thursday
12343,A,P07,14,60,1,Night,Wednesday
12344,A,P04,14,28,0,Day,Friday
12345,A,P01,32,30,0,Night,Wednesday
12346,D,P05,34,59,2,Day,Thursday
12347,C,P06,7,42,1,Night,Wednesday
12348,B,P01,19,39,0,Night,Sunday
12349,D,P01,25,30,2,Night,Sunday
12350,D,P08,16,46,2,Night,Friday
12351,D,P08,8,47,0,Night,Friday
12352,A,P03,13,31,1,Day,Thursday
12353,C,P06,32,40,0,Day,Friday
12354,D,P04,27,38,1,Night,Wednesday
12355,B,P01,26,44,0,Day,Tuesday
12356,C,P03,28,30,0,Day,Friday
12357,B,P08,30,54,2,Night,Wednesday
12358,C,P02,34,51,0,Day,Sunday
12359,B,P06,37,38,0,Day,Sunday
12360,A,P03,20,39,0,Night,Wednesday
12361,D,P03,26,40,1,Day,Sunday
12362,B,P07,22,34,2,Night,Wednesday
12363,C,P03,11,37,1,Night,Friday
12364,D,P07,30,39,2,Day,Tuesday
12365,D,P01,12,58,0,Night,Thursday
12366,C,P01,10,51,0,Day,Thursday
12367,B,P08,34,51,0,Day,Friday
12368,A,P02,27,45,0,Night,Friday
12369,A,P05,36,30,0,Day,Sunday
12370,B,P05,26,41,0,Day,Monday
12371,D,P05,13,51,1,Day,Saturday
12372,D,P08,35,29,1,Day,Tuesday
12373,D,P07,11,48,1,Day,Wednesday
12374,D,P08,13,65,0,Day,Saturday
12375,B,P06,17,52,1,Day,Wednesday
12376,D,P06,7,56,1,Night,Saturday
12377,C,P02,39,44,2,Day,Thursday
12378,D,P06,37,51,0,Night,Saturday
12379,A,P05,25,34,0,Night,Friday
12380,D,P05,35,49,0,Day,Tuesday
12381,B,P08,38,48,1,Night,Thursday
12382,A,P03,36,44,0,Night,Sunday
12383,B,P06,39,55,2,Night,Saturday
12384,B,P08,19,36,1,Day,Tuesday
12385,A,P01,36,40,0,Night,Friday
12386,B,P01,10,42,0,Night,Sunday
12387,B,P03,25,31,0,Night,Wednesday
12388,D,P03,37,44,0,Night,Sunday
12389,C,P03,36,24,2,Night,Monday
12390,B,P08,23,52,2,Night,Tuesday
12391,B,P01,37,42,0,Day,Wednesday
12392,B,P05,32,36,1,Night,Tuesday
12393,D,P03,35,33,1,Night,Tuesday
12394,C,P02,25,39,1,Day,Tuesday
12395,A,P07,38,48,2,Day,Friday
12396,D,P08,19,47,1,Night,Thursday
12397,D,P03,18,34,0,Night,Tuesday
12398,C,P07,23,33,0,Day,Friday
12399,C,P04,19,48,1,Night,Monday
12400,D,P03,10,34,0,Night,Thursday
12401,A,P01,13,42,0,Day,Friday
12402,D,P06,24,43,0,Night,Sunday
12403,C,P03,38,45,0,Day,Monday
12404,A,P08,30,50,0,Night,Sunday
12405,C,P06,22,29,2,Night,Thursday
12406,A,P04,32,22,0,Day,Friday
12407,B,P02,13,36,2,Day,Monday
12408,C,P06,36,60,0,Night,Friday
12409,C,P07,10,62,0,Night,Monday
12410,D,P05,18,60,0,Night,Tuesday
12411,C,P03,32,40,0,Day,Tuesday
12412,C,P04,28,24,0,Day,Thursday
12413,B,P04,17,18,0,Day,Monday
12414,C,P06,16,35,2,Day,Tuesday
12415,B,P02,23,40,1,Day,Thursday
12416,B,P01,25,55,2,Day,Wednesday
12417,B,P03,31,50,0,Night,Tuesday
12418,B,P04,23,44,2,Day,Tuesday
12419,A,P02,28,33,2,Day,Saturday
12420,D,P05,30,32,0,Day,Friday
12421,A,P04,32,44,1,Day,Wednesday
12422,C,P02,22,48,0,Night,Monday
12423,A,P08,33,45,0,Day,Thursday
12424,A,P01,21,31,0,Night,Wednesday
12425,C,P01,8,48,0,Day,Monday
12426,C,P04,33,46,2,Night,Tuesday
12427,C,P07,8,31,0,Day,Sunday
12428,A,P04,14,34,0,Day,Saturday
12429,A,P06,29,48,0,Day,Sunday
12430,C,P03,35,39,2,Day,Thursday
12431,D,P02,7,57,2,Night,Thursday
12432,D,P04,6,47,1,Night,Wednesday
12433,B,P03,29,37,0,Day,Friday
12434,C,P06,10,41,0,Day,Monday
12435,B,P08,30,42,2,Night,Saturday
12436,D,P08,12,34,2,Night,Saturday
12437,B,P03,39,32,1,Night,Sunday
12438,C,P04,31,49,0,Day,Wednesday
12439,C,P01,29,50,0,Night,Friday
12440,C,P02,22,48,0,Day,Friday
12441,A,P02,5,57,0,Day,Friday
12442,B,P08,7,36,1,Night,Thursday
12443,D,P08,8,58,0,Day,Monday
12444,D,P01,19,32,0,Day,Monday
12445,D,P07,12,31,1,Night,Sunday
12446,A,P04,23,24,2,Day,Wednesday
12447,A,P08,30,37,0,Night,Tuesday
12448,C,P08,14,36,1,Night,Wednesday
12449,D,P08,18,47,0,Night,Monday
12450,A,P02,23,44,1,Day,Sunday
12451,C,P04,34,30,1,Night,Thursday
12452,D,P06,9,38,0,Night,Wednesday
12453,B,P04,35,38,0,Day,Sunday
12454,C,P03,11,24,0,Day,Tuesday
12455,A,P01,23,32,2,Night,Saturday
12456,A,P07,35,34,1,Day,Wednesday
12457,C,P08,28,56,0,Day,Sunday
12458,C,P08,38,43,1,Day,Friday
12459,A,P04,27,48,0,Day,Tuesday
12460,B,P07,10,27,0,Day,Friday
12461,D,P08,31,53,0,Night,Thursday
12462,B,P07,15,55,0,Night,Monday
12463,C,P06,9,22,0,Night,Wednesday
12464,B,P05,21,34,1,Day,Sunday
12465,A,P01,11,46,0,Day,Wednesday
12466,C,P07,31,48,2,Night,Friday
12467,D,P02,19,35,1,Night,Friday
12468,A,P03,17,38,0,Night,Monday
12469,A,P02,15,36,2,Day,Sunday
12470,D,P08,30,43,0,Night,Wednesday
12471,D,P06,26,53,0,Day,Sunday
12472,B,P06,32,34,1,Night,Monday
12473,C,P02,28,52,1,Night,Friday
12474,D,P01,33,34,0,Day,Saturday
12475,D,P02,13,33,0,Day,Sunday
12476,C,P04,8,50,1,Night,Friday
12477,D,P08,22,51,0,Night,Tuesday
12478,D,P08,20,50,0,Night,Friday
12479,B,P02,37,28,2,Day,Friday
12480,A,P03,33,37,0,Day,Sunday
12481,A,P03,14,50,0,Night,Saturday
12482,A,P08,13,42,0,Night,Monday
12483,A,P05,35,31,0,Night,Tuesday
12484,D,P03,32,46,1,Day,Tuesday
12485,C,P02,7,34,1,Night,Wednesday
12486,C,P03,18,59,0,Night,Saturday
12487,B,P08,29,57,0,Day,Thursday
12488,B,P01,19,48,1,Night,Wednesday
12489,D,P07,6,55,0,Night,Wednesday
12490,C,P03,28,42,0,Day,Wednesday
12491,C,P04,18,49,1,Day,Tuesday
12492,A,P01,11,56,0,Night,Monday
12493,D,P05,28,44,1,Day,Sunday
12494,D,P04,31,39,1,Day,Friday
12495,A,P02,34,24,2,Day,Tuesday
12496,D,P07,31,41,1,Day,Friday
12497,D,P02,19,50,0,Day,Friday
12498,B,P07,30,51,0,Day,Thursday
12499,C,P07,5,47,2,Day,Sunday
12500,D,P02,8,36,0,Night,Wednesday
12501,B,P04,33,22,0,Day,Thursday
12502,C,P04,5,37,0,Day,Wednesday
12503,A,P07,26,38,1,Day,Tuesday
12504,B,P04,15,38,2,Day,Friday
12505,B,P07,14,48,0,Night,Thursday
12506,C,P08,21,61,0,Night,Saturday
12507,A,P07,30,43,0,Day,Tuesday
12508,B,P08,25,39,2,Night,Tuesday
12509,D,P01,17,39,0,Night,Saturday
12510,D,P06,13,43,1,Night,Wednesday
12511,D,P01,15,33,0,Night,Friday
12512,A,P02,15,43,1,Night,Wednesday
12513,B,P06,10,46,0,Day,Wednesday
12514,D,P03,5,44,1,Day,Tuesday
12515,A,P02,10,46,0,Day,Wednesday
12516,D,P05,17,46,0,Night,Monday
12517,C,P01,26,24,0,Day,Saturday
12518,B,P04,35,48,1,Night,Sunday
12519,B,P01,26,35,2,Day,Saturday
12520,A,P04,31,31,0,Day,Friday
12521,A,P06,18,30,1,Day,Saturday
12522,B,P05,9,46,2,Day,Wednesday
12523,D,P06,36,39,1,Night,Wednesday
12524,D,P05,38,25,0,Day,Thursday
12525,C,P01,11,46,0,Day,Friday
12526,D,P04,14,27,0,Night,Friday
12527,A,P06,21,43,0,Night,Saturday
12528,A,P05,34,44,0,Day,Wednesday
12529,D,P07,25,50,0,Day,Monday
12530,A,P02,17,59,0,Night,Thursday
12531,B,P02,5,28,2,Night,Monday
12532,B,P06,5,41,1,Day,Wednesday
12533,D,P04,37,39,0,Night,Friday
12534,B,P07,29,46,2,Night,Friday
12535,B,P06,30,44,1,Day,Sunday
12536,C,P01,17,38,1,Day,Monday
12537,C,P05,32,37,2,Day,Sunday
12538,B,P08,37,30,1,Night,Sunday
12539,D,P01,34,51,0,Day,Tuesday
12540,C,P02,12,46,0,Day,Wednesday
12541,A,P05,5,51,0,Day,Friday
12542,A,P06,16,38,0,Night,Saturday
12543,A,P01,9,35,2,Day,Tuesday
12544,D,P03,28,31,1,Day,Friday
12545,B,P08,10,45,0,Night,Saturday
12546,A,P04,29,31,1,Night,Friday
12547,D,P07,5,60,0,Day,Tuesday
12548,C,P07,29,28,1,Day,Monday
12549,B,P04,5,44,1,Day,Wednesday
12550,C,P03,36,57,2,Night,Sunday
12551,D,P02,7,47,0,Day,Tuesday
12552,A,P05,23,43,0,Day,Tuesday
12553,A,P04,33,32,0,Night,Sunday
12554,D,P03,6,28,1,Night,Friday
12555,A,P06,13,49,1,Day,Saturday
12556,B,P08,21,57,0,Night,Sunday
12557,D,P07,21,37,0,Day,Tuesday
12558,C,P08,16,30,0,Day,Wednesday
12559,D,P03,24,17,0,Night,Sunday
12560,B,P08,7,32,0,Night,Sunday
12561,B,P02,8,40,0,Night,Monday
12562,D,P02,21,57,1,Night,Saturday
12563,D,P01,19,48,2,Day,Monday
12564,A,P04,37,45,0,Night,Monday
12565,B,P01,20,37,1,Night,Wednesday
12566,D,P08,15,36,2,Day,Friday
12567,D,P07,24,56,0,Day,Saturday
12568,B,P03,28,44,0,Day,Saturday
12569,D,P05,20,20,1,Night,Sunday
12570,A,P08,34,35,0,Day,Wednesday
12571,B,P05,38,33,0,Night,Saturday
12572,A,P02,5,36,0,Night,Tuesday
12573,A,P05,28,47,1,Night,Thursday
12574,A,P05,28,40,1,Night,Sunday
12575,A,P07,13,41,0,Day,Thursday
12576,B,P05,26,55,1,Day,Thursday
12577,A,P08,16,35,0,Day,Monday
12578,A,P03,21,60,0,Day,Saturday
12579,D,P05,29,35,1,Day,Sunday
12580,B,P06,32,42,1,Night,Wednesday
12581,B,P05,19,39,0,Night,Saturday
12582,C,P05,34,43,1,Night,Wednesday
12583,B,P01,31,46,0,Night,Saturday
12584,B,P03,26,46,1,Day,Sunday
12585,C,P08,14,34,1,Night,Sunday
12586,B,P02,35,30,0,Night,Monday
12587,B,P01,31,67,0,Night,Sunday
12588,B,P08,16,37,0,Night,Tuesday
12589,B,P04,35,48,0,Night,Thursday
12590,C,P03,36,25,0,Night,Thursday
12591,B,P06,36,39,1,Day,Saturday
12592,B,P03,39,40,0,Day,Monday
12593,C,P04,25,46,1,Night,Thursday
12594,D,P04,14,14,0,Night,Saturday
12595,A,P04,20,43,0,Night,Sunday
12596,D,P07,11,30,0,Night,Friday
12597,C,P02,8,45,1,Night,Saturday
12598,A,P05,31,31,0,Day,Wednesday
12599,C,P03,29,33,0,Day,Thursday
12600,C,P08,35,39,0,Night,Thursday
12601,B,P07,15,31,0,Day,Friday
12602,A,P08,24,37,0,Night,Sunday
12603,B,P05,21,30,0,Night,Tuesday
12604,A,P05,15,23,0,Day,Saturday
12605,C,P06,34,52,0,Day,Tuesday
12606,C,P04,39,29,2,Day,Saturday
12607,D,P02,26,40,1,Day,Friday
12608,A,P06,31,49,1,Night,Tuesday
12609,B,P01,39,35,0,Day,Monday
12610,D,P07,8,33,0,Day,Friday
12611,D,P07,20,44,0,Day,Sunday
12612,D,P02,20,53,1,Night,Saturday
12613,B,P05,25,30,1,Night,Wednesday
12614,D,P08,30,40,1,Night,Sunday
12615,B,P07,23,24,1,Day,Sunday
12616,D,P02,21,38,0,Day,Wednesday
12617,B,P07,30,42,0,Day,Wednesday
12618,C,P07,26,33,0,Night,Saturday
12619,C,P04,32,37,2,Day,Sunday
12620,C,P01,5,27,1,Day,Thursday
12621,C,P04,6,42,1,Night,Friday
12622,C,P01,21,52,0,Day,Friday
12623,D,P07,25,31,0,Day,Tuesday
12624,D,P06,13,35,0,Day,Friday
12625,D,P08,17,47,2,Day,Sunday
12626,B,P05,15,54,1,Night,Friday
12627,B,P07,20,27,0,Night,Sunday
12628,B,P01,20,40,0,Night,Tuesday
12629,B,P01,6,44,0,Day,Friday
12630,C,P01,12,40,0,Day,Friday
12631,C,P07,17,17,0,Night,Monday
12632,C,P02,21,47,2,Day,Saturday
12633,A,P06,28,57,0,Night,Tuesday
12634,D,P02,7,43,0,Night,Monday
12635,B,P05,34,31,0,Day,Thursday
12636,B,P07,17,36,0,Night,Tuesday
12637,C,P01,23,59,0,Night,Sunday
12638,B,P06,11,51,1,Night,Saturday
12639,B,P06,13,48,0,Night,Friday
12640,D,P03,23,45,1,Night,Sunday
12641,C,P05,26,35,0,Night,Friday
12642,D,P08,22,39,0,Day,Monday
12643,A,P08,27,41,0,Night,Monday
12644,A,P06,6,47,1,Night,Thursday
12645,A,P07,15,57,1,Day,Thursday
12646,C,P01,35,53,0,Day,Saturday
12647,B,P01,37,27,0,Night,Friday
12648,C,P06,18,44,0,Day,Sunday
12649,C,P02,20,49,0,Day,Wednesday
12650,B,P05,15,48,0,Night,Sunday
12651,D,P01,37,35,1,Day,Thursday
12652,A,P06,11,71,0,Night,Friday
12653,D,P01,35,29,0,Night,Sunday
12654,A,P08,18,31,1,Night,Sunday
12655,C,P06,32,44,2,Night,Thursday
12656,A,P05,20,63,0,Day,Sunday
12657,C,P06,23,33,0,Night,Sunday
12658,D,P03,21,39,0,Day,Tuesday
12659,C,P06,30,52,0,Day,Monday
12660,D,P06,10,41,0,Night,Friday
12661,B,P07,13,38,2,Night,Sunday
12662,B,P08,21,47,0,Day,Thursday
12663,B,P05,35,44,1,Night,Monday
12664,C,P07,16,52,1,Night,Sunday
12665,B,P06,27,54,0,Night,Sunday
12666,A,P05,9,45,0,Day,Wednesday
12667,D,P03,7,44,0,Day,Thursday
12668,D,P05,28,44,0,Day,Friday
12669,A,P01,21,46,0,Day,Tuesday
12670,C,P07,30,42,0,Night,Monday
12671,C,P05,8,41,1,Night,Monday
12672,D,P08,16,53,0,Day,Tuesday
12673,B,P03,5,57,0,Day,Friday
12674,C,P04,25,26,0,Day,Saturday
12675,C,P06,23,42,0,Day,Wednesday
12676,A,P05,25,35,2,Day,Saturday
12677,A,P06,22,38,0,Night,Sunday
12678,B,P02,7,46,0,Day,Tuesday
12679,C,P01,36,48,1,Day,Wednesday
12680,C,P07,14,40,0,Night,Friday
12681,A,P01,19,22,1,Night,Thursday
12682,C,P02,9,32,2,Night,Thursday
12683,D,P02,8,50,1,Day,Saturday
12684,A,P07,32,14,1,Night,Friday
12685,B,P05,8,53,0,Day,Wednesday
12686,A,P02,19,47,0,Day,Saturday
12687,C,P04,21,55,0,Night,Tuesday
12688,B,P06,7,40,0,Day,Saturday
12689,A,P06,14,21,0,Day,Friday
12690,D,P03,27,46,0,Night,Sunday
12691,D,P08,22,54,0,Night,Friday
12692,A,P02,5,51,0,Night,Thursday
12693,D,P02,39,35,1,Night,Tuesday
12694,D,P04,35,42,2,Night,Thursday
12695,D,P01,5,36,1,Night,Wednesday
12696,B,P01,7,33,1,Night,Wednesday
12697,D,P06,7,51,0,Night,Monday
12698,D,P06,23,30,0,Night,Friday
12699,D,P05,33,33,1,Night,Tuesday
12700,B,P07,29,30,0,Day,Tuesday
12701,A,P08,37,27,1,Day,Thursday
12702,C,P04,33,43,0,Day,Saturday
12703,D,P07,30,53,0,Night,Saturday
12704,A,P07,8,40,2,Day,Thursday
12705,D,P03,18,26,2,Day,Sunday
12706,B,P07,31,50,0,Day,Saturday
12707,A,P03,37,58,0,Day,Tuesday
12708,B,P07,26,35,2,Day,Thursday
12709,D,P04,7,37,0,Night,Saturday
12710,D,P03,27,47,1,Night,Monday
12711,B,P01,25,58,0,Night,Friday
12712,C,P03,27,36,0,Day,Monday
12713,B,P03,8,28,0,Day,Saturday
12714,D,P04,25,48,0,Night,Wednesday
12715,B,P04,35,49,1,Night,Tuesday
12716,C,P03,25,42,0,Night,Monday
12717,B,P08,30,36,1,Day,Monday
12718,C,P02,39,51,0,Night,Thursday
12719,C,P08,28,47,0,Night,Thursday
12720,B,P04,15,34,0,Night,Thursday
12721,B,P08,33,42,0,Night,Saturday
12722,A,P08,7,28,0,Night,Sunday
12723,D,P05,5,48,2,Day,Sunday
12724,C,P05,23,39,0,Day,Wednesday
12725,A,P01,26,37,0,Night,Monday
12726,B,P07,18,41,2,Day,Friday
12727,D,P03,18,42,1,Night,Thursday
12728,A,P02,20,50,2,Night,Wednesday
12729,C,P01,37,47,0,Day,Saturday
12730,A,P03,17,40,1,Day,Wednesday
12731,C,P08,16,49,2,Day,Thursday
12732,B,P04,37,46,1,Day,Tuesday
12733,D,P05,37,37,0,Night,Monday
12734,D,P06,33,40,0,Day,Thursday
12735,D,P02,9,40,2,Night,Friday
12736,B,P08,10,47,0,Night,Monday
12737,C,P06,35,38,2,Night,Wednesday
12738,B,P05,20,38,0,Night,Sunday
12739,D,P08,35,61,0,Night,Friday
12740,B,P07,29,51,1,Day,Monday
12741,B,P07,37,34,0,Night,Friday
12742,B,P06,17,47,1,Day,Wednesday
12743,C,P04,14,43,1,Night,Thursday
12744,A,P08,28,45,1,Day,Sunday
12745,A,P03,14,43,1,Day,Friday
12746,B,P08,35,53,0,Night,Thursday
12747,A,P04,17,45,0,Night,Sunday
12748,A,P08,7,41,0,Day,Wednesday
12749,B,P06,38,52,0,Night,Sunday
12750,B,P04,32,44,1,Night,Wednesday
12751,D,P05,23,43,0,Day,Friday
12752,A,P02,27,45,0,Day,Friday
12753,C,P04,36,41,0,Night,Wednesday
12754,B,P08,17,42,0,Night,Friday
12755,D,P05,37,36,2,Night,Friday
12756,C,P02,38,34,0,Night,Friday
12757,A,P07,37,32,1,Day,Saturday
12758,D,P03,9,28,1,Day,Friday
12759,B,P06,7,33,2,Night,Monday
12760,C,P08,11,40,0,Day,Wednesday
12761,B,P08,28,43,1,Day,Wednesday
12762,A,P07,26,39,2,Day,Tuesday
12763,C,P03,27,18,1,Day,Thursday
12764,A,P07,34,57,1,Day,Tuesday
12765,A,P01,22,52,0,Day,Friday
12766,D,P07,36,46,1,Day,Friday
12767,B,P05,11,61,1,Night,Sunday
12768,C,P02,37,32,0,Night,Monday
12769,A,P08,9,60,0,Day,Monday
12770,A,P07,32,32,0,Day,Monday
12771,C,P08,12,44,0,Day,Monday
12772,A,P04,19,29,0,Day,Monday
12773,D,P03,8,42,0,Day,Monday
12774,D,P07,38,45,1,Night,Monday
12775,D,P02,9,40,1,Day,Monday
12776,D,P05,37,49,0,Night,Sunday
12777,A,P01,9,42,1,Night,Saturday
12778,C,P08,38,36,1,Day,Monday
12779,C,P03,30,36,1,Day,Wednesday
12780,C,P06,5,50,2,Day,Monday
12781,C,P02,8,35,0,Night,Thursday
12782,B,P06,30,51,0,Night,Monday
12783,C,P02,37,54,2,Night,Saturday
12784,B,P02,37,25,0,Day,Sunday
12785,B,P05,12,53,1,Day,Friday
12786,D,P05,24,62,0,Day,Saturday
12787,B,P05,20,44,0,Day,Saturday
12788,A,P07,25,47,0,Day,Friday
12789,B,P04,30,52,0,Day,Monday
12790,D,P02,27,39,0,Night,Sunday
12791,B,P03,22,43,0,Night,Sunday
12792,A,P06,35,28,0,Day,Monday
12793,A,P05,16,43,1,Day,Friday
12794,A,P07,5,46,0,Night,Thursday
12795,D,P05,13,47,0,Night,Tuesday
12796,D,P06,7,52,0,Night,Wednesday
12797,C,P06,30,34,1,Day,Friday
12798,D,P08,13,36,0,Night,Monday
12799,A,P02,20,60,0,Night,Wednesday
12800,A,P05,28,40,2,Night,Monday
12801,D,P06,18,44,0,Night,Tuesday
12802,B,P04,7,41,1,Night,Tuesday
12803,D,P04,38,33,0,Day,Friday
12804,D,P05,37,58,0,Day,Wednesday
12805,A,P07,28,36,2,Night,Saturday
12806,C,P06,13,30,1,Day,Sunday
12807,A,P08,17,37,2,Day,Sunday
12808,C,P02,6,21,2,Night,Wednesday
12809,A,P02,11,35,0,Day,Saturday
12810,D,P07,25,32,0,Day,Tuesday
12811,A,P08,23,48,2,Night,Monday
12812,A,P02,29,35,0,Night,Sunday
12813,A,P08,26,50,0,Day,Saturday
12814,D,P01,15,55,1,Day,Saturday
12815,D,P05,37,49,1,Day,Friday
12816,D,P02,36,39,0,Night,Thursday
12817,D,P04,25,43,0,Day,Tuesday
12818,C,P06,24,26,0,Day,Saturday
12819,C,P08,12,40,0,Night,Tuesday
12820,B,P08,13,33,1,Day,Friday
12821,D,P03,29,48,0,Night,Monday
12822,C,P07,29,67,2,Day,Wednesday
12823,A,P03,37,46,2,Night,Tuesday
12824,D,P02,6,22,1,Day,Friday
12825,B,P03,23,38,0,Day,Friday
12826,B,P03,24,43,2,Night,Friday
12827,B,P01,33,42,0,Night,Sunday
12828,A,P08,10,34,0,Night,Sunday
12829,C,P04,21,44,0,Night,Sunday
12830,A,P07,29,29,0,Night,Wednesday
12831,D,P04,8,32,1,Night,Sunday
12832,B,P01,34,48,1,Night,Tuesday
12833,A,P01,24,31,1,Day,Saturday
12834,A,P03,7,47,1,Day,Friday
12835,C,P05,27,28,0,Day,Wednesday
12836,C,P08,22,59,1,Day,Sunday
12837,B,P06,30,34,1,Day,Monday
12838,A,P08,12,39,0,Day,Thursday
12839,A,P06,21,45,0,Day,Tuesday
12840,C,P03,35,36,1,Night,Wednesday
12841,A,P06,37,43,0,Day,Thursday
12842,A,P01,31,47,1,Night,Thursday
12843,A,P04,8,51,0,Day,Sunday
12844,C,P06,26,49,0,Night,Wednesday
12845,B,P08,30,40,0,Day,Saturday
12846,D,P07,36,40,0,Day,Saturday
12847,B,P03,28,65,1,Day,Wednesday
12848,D,P05,39,51,0,Day,Wednesday
12849,A,P03,36,32,1,Night,Friday
12850,B,P02,11,42,0,Day,Monday
12851,D,P03,37,38,0,Night,Saturday
12852,C,P01,35,40,1,Day,Friday
12853,C,P04,16,29,0,Day,Thursday
12854,B,P04,15,37,0,Day,Thursday
12855,B,P07,28,60,2,Day,Thursday
12856,A,P06,12,47,2,Night,Wednesday
12857,B,P01,36,17,0,Night,Tuesday
12858,A,P02,26,54,0,Night,Friday
12859,A,P01,38,52,2,Day,Tuesday
12860,C,P03,23,38,0,Day,Sunday
12861,C,P01,24,49,0,Day,Monday
12862,D,P01,18,33,0,Day,Monday
12863,C,P07,37,37,0,Night,Friday
12864,C,P02,14,56,1,Night,Thursday
12865,B,P03,20,39,2,Night,Sunday
12866,C,P05,8,23,0,Day,Saturday
12867,D,P07,31,41,0,Night,Monday
12868,B,P05,32,41,0,Day,Tuesday
12869,D,P07,20,53,0,Night,Tuesday
12870,C,P04,37,42,0,Night,Saturday
12871,D,P08,23,37,0,Night,Wednesday
12872,B,P07,25,52,0,Night,Thursday
12873,A,P06,26,43,0,Day,Wednesday
12874,D,P01,13,34,0,Day,Friday
12875,D,P04,13,53,1,Night,Monday
12876,B,P02,13,43,0,Night,Saturday
12877,B,P05,31,42,0,Day,Saturday
12878,D,P08,21,43,2,Night,Saturday
12879,C,P08,12,31,2,Night,Wednesday
12880,D,P07,20,36,0,Night,Wednesday
12881,B,P01,22,42,0,Day,Friday
12882,A,P02,37,40,0,Day,Tuesday
12883,A,P06,5,54,2,Night,Tuesday
12884,C,P02,16,44,0,Night,Sunday
12885,D,P01,10,50,1,Day,Friday
12886,A,P06,9,42,0,Day,Saturday
12887,D,P02,20,52,1,Day,Tuesday
12888,B,P06,22,45,1,Day,Friday
12889,A,P07,22,42,0,Day,Tuesday
12890,C,P07,5,41,1,Day,Sunday
12891,B,P01,23,32,1,Day,Friday
12892,C,P01,12,47,0,Day,Tuesday
12893,B,P06,7,41,0,Night,Saturday
12894,A,P03,29,36,0,Night,Wednesday
12895,C,P04,9,53,1,Day,Wednesday
12896,C,P08,23,29,1,Night,Sunday
12897,B,P02,22,37,0,Day,Saturday
12898,C,P02,35,52,0,Night,Tuesday
12899,B,P03,37,45,0,Day,Saturday
12900,B,P03,22,41,1,Day,Friday
12901,B,P03,20,44,1,Night,Wednesday
12902,B,P05,20,43,2,Night,Monday
12903,A,P05,11,26,0,Night,Sunday
12904,B,P06,18,38,2,Night,Tuesday
12905,D,P05,29,58,1,Night,Monday
12906,C,P07,36,35,0,Day,Monday
12907,D,P07,26,38,2,Day,Sunday
12908,A,P01,20,36,1,Day,Thursday
12909,D,P08,33,41,0,Night,Monday
12910,C,P06,20,36,1,Day,Monday
12911,D,P08,16,46,0,Day,Saturday
12912,A,P02,21,43,0,Night,Thursday
12913,B,P04,31,49,0,Day,Thursday
12914,D,P01,29,31,1,Night,Thursday
12915,A,P02,17,38,0,Night,Sunday
12916,A,P02,12,39,1,Day,Friday
12917,C,P06,9,46,0,Day,Thursday
12918,C,P03,16,34,0,Night,Saturday
12919,D,P03,7,51,0,Night,Friday
12920,B,P08,39,53,0,Day,Tuesday
12921,A,P01,37,32,0,Day,Friday
12922,D,P03,26,37,1,Day,Tuesday
12923,A,P02,13,36,1,Day,Thursday
12924,A,P03,22,68,0,Day,Thursday
12925,B,P05,33,37,0,Night,Tuesday
12926,B,P03,31,58,0,Night,Wednesday
12927,D,P02,21,29,2,Day,Saturday
12928,B,P08,38,32,0,Day,Friday
12929,B,P06,7,35,0,Day,Saturday
12930,D,P01,9,33,0,Day,Saturday
12931,B,P04,18,39,2,Day,Monday
12932,C,P03,7,34,0,Night,Thursday
12933,A,P07,27,33,0,Night,Friday
12934,A,P07,34,53,0,Day,Saturday
12935,A,P08,27,54,0,Day,Friday
12936,A,P02,31,51,0,Day,Saturday
12937,D,P04,14,47,0,Night,Thursday
12938,A,P04,29,42,0,Night,Saturday
12939,A,P05,17,37,0,Night,Tuesday
12940,A,P04,20,32,0,Day,Thursday
12941,A,P07,38,45,0,Day,Friday
12942,C,P06,26,30,0,Night,Sunday
12943,A,P02,21,32,0,Night,Wednesday
12944,C,P02,27,53,0,Day,Saturday
12945,D,P03,13,61,0,Night,Tuesday
12946,B,P03,6,45,1,Night,Thursday
12947,A,P03,36,53,0,Night,Monday
12948,B,P07,26,39,0,Day,Sunday
12949,B,P07,17,28,0,Day,Sunday
12950,D,P08,12,48,0,Night,Thursday
12951,B,P07,5,47,1,Night,Sunday
12952,C,P07,21,42,2,Day,Friday
12953,B,P07,16,39,0,Day,Friday
12954,B,P07,8,51,0,Night,Monday
12955,B,P06,17,32,0,Night,Tuesday
12956,A,P07,35,34,0,Night,Friday
12957,A,P08,11,31,1,Day,Tuesday
12958,C,P04,27,42,2,Night,Tuesday
12959,C,P04,28,31,1,Night,Thursday
12960,A,P05,9,35,1,Night,Tuesday
12961,C,P06,9,34,1,Night,Saturday
12962,A,P03,21,39,1,Night,Friday
12963,D,P01,34,27,0,Day,Friday
12964,B,P07,13,42,2,Night,Wednesday
12965,B,P05,10,54,2,Night,Sunday
12966,C,P01,29,43,0,Day,Tuesday
12967,A,P08,23,57,0,Day,Wednesday
12968,A,P04,20,55,1,Night,Thursday
12969,C,P05,25,49,1,Night,Wednesday
12970,A,P08,6,42,0,Night,Sunday
12971,D,P05,14,42,0,Day,Tuesday
12972,B,P02,20,49,0,Day,Sunday
12973,C,P08,19,38,1,Day,Friday
12974,C,P04,17,23,0,Day,Thursday
12975,A,P04,17,46,0,Night,Tuesday
12976,C,P06,36,30,1,Day,Thursday
12977,D,P05,12,32,2,Night,Monday
12978,A,P07,22,42,0,Day,Tuesday
12979,A,P04,30,41,0,Night,Monday
12980,A,P05,14,27,0,Night,Wednesday
12981,A,P06,35,43,0,Night,Tuesday
12982,D,P07,37,51,0,Day,Monday
12983,A,P08,33,30,1,Night,Saturday
12984,C,P06,9,54,1,Night,Friday
12985,D,P02,17,26,0,Night,Wednesday
12986,B,P07,5,63,1,Day,Tuesday
12987,B,P05,27,37,0,Night,Tuesday
12988,C,P04,7,43,2,Day,Friday
12989,C,P04,7,23,0,Night,Friday
12990,D,P05,11,41,0,Day,Sunday
12991,B,P05,39,44,0,Night,Monday
12992,B,P05,19,41,1,Night,Monday
12993,B,P03,7,36,0,Night,Monday
12994,B,P07,33,32,0,Night,Sunday
12995,B,P04,34,53,0,Day,Thursday
12996,A,P07,22,42,0,Night,Wednesday
12997,C,P06,15,57,0,Night,Tuesday
12998,A,P04,5,36,0,Night,Wednesday
12999,B,P03,33,37,0,Day,Friday
13000,D,P05,14,50,0,Day,Saturday
13001,D,P02,32,25,2,Day,Wednesday
13002,B,P05,35,29,2,Night,Wednesday
13003,B,P08,23,52,0,Day,Monday
13004,D,P05,7,30,0,Day,Friday
13005,A,P03,19,23,1,Day,Wednesday
13006,A,P07,37,60,0,Night,Tuesday
13007,B,P04,30,28,0,Day,Monday
13008,A,P05,20,43,0,Night,Sunday
13009,D,P04,37,42,0,Day,Wednesday
13010,A,P01,24,13,0,Day,Friday
13011,B,P06,17,39,0,Night,Saturday
13012,D,P07,37,46,1,Night,Tuesday
13013,A,P04,9,45,0,Night,Saturday
13014,C,P02,18,51,0,Day,Friday
13015,D,P06,31,38,2,Night,Friday
13016,D,P08,27,49,0,Night,Friday
13017,C,P08,18,35,1,Day,Saturday
13018,C,P02,8,27,1,Night,Thursday
13019,D,P05,23,29,1,Night,Tuesday
13020,C,P06,8,27,1,Day,Friday
13021,B,P04,34,52,0,Day,Thursday
13022,B,P06,23,26,0,Day,Monday
13023,B,P05,35,44,0,Night,Thursday
13024,D,P03,35,39,0,Day,Monday
13025,C,P07,13,40,1,Night,Saturday
13026,C,P02,17,55,0,Day,Sunday
13027,A,P05,18,37,1,Day,Sunday
13028,A,P03,14,48,0,Day,Thursday
13029,C,P06,35,42,1,Night,Saturday
13030,C,P06,27,40,1,Night,Friday
13031,C,P05,31,64,1,Night,Thursday
13032,D,P04,10,27,2,Night,Thursday
13033,C,P06,30,54,0,Night,Friday
13034,A,P04,6,48,0,Day,Monday
13035,D,P04,17,37,0,Day,Friday
13036,C,P07,23,58,0,Day,Tuesday
13037,A,P04,5,23,1,Day,Sunday
13038,D,P01,36,36,2,Night,Sunday
13039,C,P07,26,29,0,Night,Thursday
13040,C,P03,33,46,0,Night,Tuesday
13041,C,P03,6,30,1,Day,Friday
13042,D,P06,15,46,2,Day,Sunday
13043,A,P06,21,40,1,Night,Saturday
13044,A,P04,12,37,1,Day,Friday
13045,B,P07,26,45,1,Day,Wednesday
13046,C,P07,8,39,0,Night,Tuesday
13047,B,P01,15,31,1,Day,Sunday
13048,B,P04,12,70,1,Night,Wednesday
13049,A,P01,13,37,2,Day,Tuesday
13050,D,P08,30,19,0,Night,Saturday
13051,D,P04,6,33,0,Day,Wednesday
13052,A,P02,20,29,0,Night,Wednesday
13053,D,P02,35,50,0,Night,Tuesday
13054,B,P05,10,45,0,Day,Friday
13055,C,P04,25,45,0,Day,Monday
13056,A,P07,30,38,0,Night,Friday
13057,C,P06,23,39,1,Night,Monday
13058,D,P03,32,38,0,Night,Tuesday
13059,C,P05,12,41,0,Night,Thursday
13060,D,P06,18,50,1,Night,Friday
13061,D,P02,28,45,1,Day,Wednesday
13062,B,P04,30,47,0,Day,Friday
13063,D,P05,35,46,2,Day,Tuesday
13064,B,P04,36,50,1,Day,Thursday
13065,B,P02,6,44,1,Day,Thursday
13066,B,P05,29,45,1,Night,Friday
13067,A,P02,6,53,0,Day,Friday
13068,A,P01,5,35,0,Day,Saturday
13069,D,P02,16,33,0,Night,Friday
13070,B,P07,13,30,0,Night,Tuesday
13071,A,P07,32,43,0,Day,Monday
13072,B,P04,37,23,0,Day,Saturday
13073,C,P03,26,46,0,Night,Monday
13074,C,P02,29,40,0,Day,Wednesday
13075,C,P06,22,53,1,Night,Sunday
13076,D,P07,10,35,2,Day,Tuesday
13077,B,P08,22,39,0,Day,Saturday
13078,C,P03,20,53,1,Day,Thursday
13079,A,P01,19,55,2,Day,Saturday
13080,C,P05,12,35,0,Night,Wednesday
13081,C,P05,17,43,1,Night,Thursday
13082,C,P07,11,44,0,Day,Saturday
13083,D,P03,21,45,0,Day,Thursday
13084,A,P07,36,39,0,Day,Friday
13085,B,P05,26,54,0,Day,Thursday
13086,A,P08,17,23,0,Night,Saturday
13087,B,P02,27,37,1,Night,Thursday
13088,D,P03,33,46,1,Day,Tuesday
13089,D,P04,26,46,1,Night,Friday
13090,D,P02,5,55,0,Night,Friday
13091,D,P02,33,53,0,Day,Wednesday
13092,B,P02,9,39,1,Day,Friday
13093,C,P04,39,54,0,Day,Monday
13094,B,P08,14,34,0,Night,Tuesday
13095,A,P01,23,51,0,Night,Wednesday
13096,D,P08,11,60,0,Night,Monday
13097,D,P08,39,54,1,Night,Thursday
13098,A,P08,17,43,2,Day,Sunday
13099,B,P06,14,38,0,Day,Monday
13100,C,P07,6,26,0,Day,Wednesday
13101,C,P05,10,45,0,Night,Friday
13102,A,P07,12,30,2,Day,Tuesday
13103,C,P03,29,34,0,Day,Sunday
13104,B,P08,11,30,1,Night,Wednesday
13105,B,P01,27,37,0,Day,Monday
13106,A,P03,23,41,0,Night,Sunday
13107,B,P07,26,44,0,Night,Monday
13108,D,P05,17,35,0,Day,Wednesday
13109,A,P04,25,52,1,Day,Sunday
13110,B,P07,5,39,0,Night,Saturday
13111,A,P02,23,34,0,Day,Saturday
13112,C,P07,37,44,0,Day,Wednesday
13113,B,P02,8,61,0,Night,Saturday
13114,D,P04,7,45,1,Day,Wednesday
13115,B,P07,31,38,0,Night,Friday
13116,A,P01,39,26,2,Night,Sunday
13117,A,P01,32,39,1,Night,Wednesday
13118,B,P03,10,44,0,Night,Thursday
13119,D,P04,10,38,0,Day,Tuesday
13120,D,P08,27,25,0,Day,Tuesday
13121,D,P01,37,33,1,Day,Thursday
13122,A,P07,20,56,1,Night,Monday
13123,B,P04,28,56,0,Day,Monday
13124,C,P05,9,33,0,Night,Monday
13125,A,P02,17,48,0,Night,Sunday
13126,D,P07,16,30,1,Day,Monday
13127,B,P02,9,56,0,Day,Friday
13128,D,P02,35,44,1,Night,Thursday
13129,C,P08,32,51,0,Night,Tuesday
13130,D,P04,32,24,0,Night,Thursday
13131,D,P04,34,48,0,Night,Tuesday
13132,C,P03,22,41,0,Day,Monday
13133,B,P02,31,50,1,Day,Friday
13134,A,P03,39,51,1,Day,Wednesday
13135,B,P08,30,42,0,Night,Wednesday
13136,C,P02,22,35,2,Night,Saturday
13137,D,P03,37,49,0,Day,Monday
13138,B,P03,29,41,2,Day,Monday
13139,A,P05,35,33,0,Day,Thursday
13140,C,P03,6,32,0,Night,Friday
13141,B,P04,37,27,0,Night,Friday
13142,A,P03,36,36,2,Night,Thursday
13143,C,P02,22,53,0,Day,Friday
13144,A,P03,21,43,1,Day,Sunday
13145,C,P01,38,36,0,Day,Sunday
13146,D,P06,11,50,1,Day,Friday
13147,B,P02,39,33,0,Day,Sunday
13148,A,P01,34,42,0,Day,Wednesday
13149,C,P08,16,40,0,Night,Friday
13150,A,P02,39,49,1,Day,Sunday
13151,A,P04,15,26,1,Day,Monday
13152,B,P06,8,33,2,Night,Wednesday
13153,D,P06,29,25,1,Night,Monday
13154,A,P04,36,39,0,Night,Monday
13155,C,P06,24,54,1,Night,Sunday
13156,C,P04,35,36,0,Night,Sunday
13157,D,P01,8,36,2,Night,Thursday
13158,C,P08,5,50,1,Day,Saturday
13159,D,P05,7,52,0,Day,Friday
13160,C,P02,26,41,0,Day,Friday
13161,B,P04,21,48,1,Day,Friday
13162,A,P02,18,31,2,Night,Friday
13163,B,P08,39,55,0,Night,Sunday
13164,A,P01,17,63,0,Day,Wednesday
13165,A,P05,39,47,0,Night,Tuesday
13166,A,P08,6,21,0,Night,Monday
13167,B,P01,17,36,0,Day,Saturday
13168,A,P06,20,48,1,Day,Saturday
13169,B,P02,22,37,2,Day,Tuesday
13170,D,P07,11,54,1,Day,Tuesday
13171,C,P05,34,47,2,Day,Tuesday
13172,C,P06,11,34,0,Day,Sunday
13173,A,P08,19,42,0,Day,Wednesday
13174,B,P05,23,33,2,Day,Tuesday
13175,C,P06,6,40,1,Night,Wednesday
13176,B,P01,17,36,1,Day,Sunday
13177,B,P04,35,53,0,Night,Thursday
13178,A,P02,20,63,1,Day,Thursday
13179,C,P03,10,27,1,Night,Saturday
13180,A,P03,32,22,0,Day,Thursday
13181,A,P01,36,39,2,Day,Wednesday
13182,C,P08,14,26,2,Day,Wednesday
13183,C,P02,22,42,2,Day,Monday
13184,D,P08,8,49,2,Day,Tuesday
13185,D,P02,13,56,0,Night,Friday
13186,B,P01,11,44,0,Day,Friday
13187,C,P02,12,40,1,Day,Tuesday
13188,D,P04,11,22,0,Day,Friday
13189,B,P08,7,42,1,Night,Friday
13190,B,P01,21,42,0,Night,Sunday
13191,B,P04,6,48,0,Night,Friday
13192,D,P02,19,34,0,Night,Saturday
13193,C,P01,33,37,0,Night,Wednesday
13194,A,P02,26,27,1,Night,Wednesday
13195,B,P08,8,19,0,Day,Wednesday
13196,D,P01,10,30,2,Day,Tuesday
13197,D,P02,30,26,0,Day,Thursday
13198,A,P08,15,45,0,Night,Saturday
13199,A,P04,30,36,0,Day,Saturday
13200,D,P07,21,36,0,Day,Friday
13201,C,P04,28,32,0,Night,Monday
13202,A,P02,32,9,0,Day,Wednesday
13203,D,P01,39,57,0,Day,Sunday
13204,A,P03,35,31,0,Day,Saturday
13205,C,P04,17,37,2,Night,Saturday
13206,B,P04,39,27,1,Night,Monday
13207,A,P08,20,51,2,Day,Friday
13208,C,P06,19,43,1,Day,Saturday
13209,D,P03,22,33,2,Night,Saturday
13210,A,P02,31,38,1,Night,Thursday
13211,A,P07,39,58,0,Night,Monday
13212,D,P01,39,41,1,Night,Sunday
13213,B,P06,32,40,0,Day,Sunday
13214,D,P02,13,32,1,Night,Friday
13215,A,P05,16,23,0,Day,Friday
13216,D,P07,19,40,1,Night,Wednesday
13217,C,P04,25,45,0,Day,Thursday
13218,D,P05,39,52,0,Night,Friday
13219,A,P04,37,19,1,Night,Thursday
13220,D,P04,23,30,2,Night,Wednesday
13221,B,P05,27,36,0,Day,Sunday
13222,D,P07,17,41,0,Day,Monday
13223,B,P08,5,40,0,Day,Saturday
13224,C,P05,33,40,2,Day,Saturday
13225,B,P02,28,46,0,Night,Tuesday
13226,D,P06,20,32,1,Night,Tuesday
13227,A,P06,29,51,1,Night,Tuesday
13228,B,P05,27,46,2,Day,Saturday
13229,C,P02,32,38,0,Night,Thursday
13230,B,P08,20,58,1,Night,Tuesday
13231,B,P06,15,57,1,Night,Monday
13232,B,P02,7,51,0,Day,Friday
13233,C,P08,19,11,0,Day,Thursday
13234,D,P02,5,57,0,Night,Saturday
13235,B,P04,11,49,1,Day,Monday
13236,B,P06,5,62,0,Day,Sunday
13237,A,P08,36,54,0,Night,Saturday
13238,C,P06,13,57,0,Night,Thursday
13239,B,P04,33,50,1,Day,Thursday
13240,C,P05,30,55,1,Day,Thursday
13241,B,P04,27,61,1,Night,Wednesday
13242,D,P06,33,44,0,Night,Friday
13243,D,P06,37,26,0,Night,Tuesday
13244,B,P07,11,38,0,Night,Wednesday
13245,D,P08,16,45,0,Night,Friday
13246,B,P05,35,42,1,Night,Saturday
13247,D,P04,36,29,2,Night,Tuesday
13248,A,P08,24,25,1,Day,Sunday
13249,A,P01,21,34,0,Day,Wednesday
13250,A,P08,7,50,0,Night,Wednesday
13251,C,P01,5,57,0,Day,Monday
13252,C,P05,31,51,0,Day,Sunday
13253,A,P04,37,52,0,Night,Sunday
13254,C,P04,24,41,0,Night,Wednesday
13255,D,P02,18,24,0,Night,Thursday
13256,B,P06,9,37,1,Day,Saturday
13257,B,P03,27,39,1,Night,Sunday
13258,B,P07,19,37,1,Night,Wednesday
13259,A,P08,10,42,1,Day,Thursday
13260,C,P05,37,46,2,Night,Friday
13261,D,P03,23,50,2,Day,Friday
13262,D,P08,17,39,1,Day,Sunday
13263,A,P03,33,22,0,Night,Thursday
13264,D,P05,10,37,0,Night,Monday
13265,D,P04,19,42,0,Night,Monday
13266,D,P05,20,54,2,Day,Friday
13267,D,P08,28,36,1,Night,Saturday
13268,C,P03,27,47,1,Day,Wednesday
13269,D,P06,14,44,0,Night,Sunday
13270,B,P07,21,42,0,Night,Sunday
13271,A,P07,34,51,0,Night,Friday
13272,C,P06,14,35,0,Night,Friday
13273,D,P06,23,36,1,Day,Thursday
13274,C,P04,33,41,1,Night,Monday
13275,D,P08,6,35,0,Night,Saturday
13276,B,P01,23,47,0,Night,Thursday
13277,A,P05,11,34,0,Night,Friday
13278,D,P07,30,44,0,Day,Tuesday
13279,D,P06,19,40,0,Day,Wednesday
13280,D,P05,7,44,0,Night,Friday
13281,D,P07,20,37,1,Day,Thursday
13282,A,P06,6,38,0,Night,Tuesday
13283,A,P08,35,42,1,Day,Tuesday
13284,B,P07,32,44,2,Night,Friday
13285,A,P04,11,41,2,Day,Saturday
13286,D,P01,34,59,1,Day,Monday
13287,B,P01,11,32,0,Day,Tuesday
13288,B,P06,33,41,1,Day,Sunday
13289,B,P07,28,26,1,Day,Wednesday
13290,D,P04,8,45,1,Night,Thursday
13291,C,P02,33,30,0,Day,Thursday
13292,D,P05,9,39,1,Night,Thursday
13293,A,P05,33,38,0,Night,Sunday
13294,A,P03,34,44,0,Night,Friday
13295,D,P04,33,36,2,Night,Thursday
13296,D,P07,30,36,0,Night,Sunday
13297,B,P08,23,56,1,Night,Thursday
13298,D,P08,30,44,0,Night,Wednesday
13299,B,P03,31,36,2,Night,Sunday
13300,A,P06,34,39,2,Night,Monday
13301,B,P07,34,58,1,Night,Saturday
13302,D,P03,7,39,0,Night,Friday
13303,A,P01,11,35,0,Day,Friday
13304,C,P05,13,35,0,Night,Thursday
13305,B,P07,17,36,1,Night,Wednesday
13306,A,P03,19,36,1,Night,Tuesday
13307,B,P01,9,29,0,Day,Sunday
13308,A,P04,33,30,0,Day,Thursday
13309,A,P03,39,33,0,Night,Sunday
13310,B,P06,31,47,0,Day,Thursday
13311,C,P06,31,38,0,Day,Friday
13312,A,P06,12,39,0,Night,Friday
13313,A,P07,36,54,0,Night,Thursday
13314,A,P08,24,54,0,Day,Friday
13315,C,P08,14,39,1,Day,Wednesday
13316,C,P05,17,35,0,Night,Tuesday
13317,D,P03,33,33,1,Night,Tuesday
13318,B,P04,39,48,0,Night,Sunday
13319,C,P03,12,39,2,Night,Tuesday
13320,B,P05,33,38,0,Night,Sunday
13321,D,P01,35,33,0,Night,Thursday
13322,B,P05,34,34,0,Day,Saturday
13323,C,P06,26,45,1,Night,Thursday
13324,B,P07,25,28,1,Night,Thursday
13325,C,P01,16,51,1,Day,Wednesday
13326,B,P07,15,36,2,Night,Tuesday
13327,C,P06,6,40,1,Night,Friday
13328,C,P02,6,28,1,Day,Friday
13329,B,P05,38,41,0,Day,Monday
13330,D,P05,7,38,1,Night,Monday
13331,A,P04,20,41,1,Day,Sunday
13332,D,P03,8,56,0,Night,Saturday
13333,B,P01,27,43,0,Night,Sunday
13334,D,P08,24,34,0,Day,Friday
13335,C,P07,29,34,0,Night,Tuesday
13336,A,P01,34,47,1,Night,Sunday
13337,B,P04,22,54,1,Night,Thursday
13338,B,P04,15,44,0,Night,Friday
13339,B,P07,33,48,0,Day,Saturday
13340,A,P08,21,48,0,Day,Saturday
13341,C,P03,30,56,0,Night,Friday
13342,B,P07,27,22,2,Night,Monday
13343,D,P07,24,48,0,Night,Tuesday
13344,B,P06,6,51,0,Night,Friday
13345,B,P08,28,28,0,Night,Thursday
13346,B,P03,35,33,1,Day,Thursday
13347,B,P05,31,33,2,Day,Wednesday
13348,C,P06,6,34,1,Day,Thursday
13349,D,P02,18,37,0,Night,Friday
13350,C,P08,8,44,0,Night,Friday
13351,D,P03,17,50,0,Night,Thursday
13352,B,P04,39,52,0,Day,Monday
13353,A,P06,12,33,1,Night,Tuesday
13354,C,P03,6,33,0,Day,Saturday
13355,A,P01,10,55,1,Night,Friday
13356,C,P07,35,48,0,Night,Thursday
13357,B,P02,14,42,0,Night,Saturday
13358,C,P05,25,46,1,Night,Thursday
13359,B,P07,14,41,1,Day,Friday
13360,C,P01,27,47,0,Night,Wednesday
13361,B,P01,7,38,1,Night,Tuesday
13362,B,P02,36,44,0,Day,Friday
13363,D,P05,24,26,1,Day,Saturday
13364,B,P04,14,35,1,Day,Thursday
13365,D,P06,33,35,0,Night,Wednesday
13366,B,P08,38,38,1,Night,Sunday
13367,A,P05,24,32,2,Night,Friday
13368,B,P08,12,36,1,Night,Tuesday
13369,A,P03,11,26,0,Day,Wednesday
13370,A,P01,10,47,0,Day,Saturday
13371,B,P03,15,41,0,Day,Thursday
13372,A,P04,22,24,1,Day,Monday
13373,D,P03,33,33,0,Day,Sunday
13374,C,P05,29,45,0,Night,Sunday
13375,B,P03,25,36,1,Night,Tuesday
13376,A,P04,7,35,0,Night,Wednesday
13377,B,P04,22,41,0,Day,Friday
13378,D,P04,28,45,0,Day,Friday
13379,B,P05,14,27,1,Night,Wednesday
13380,B,P04,31,47,0,Night,Friday
13381,A,P01,16,33,0,Night,Sunday
13382,D,P07,11,41,0,Night,Sunday
13383,C,P04,21,41,2,Night,Sunday
13384,C,P03,5,36,0,Night,Wednesday
13385,A,P06,30,31,0,Day,Tuesday
13386,B,P03,19,39,0,Night,Sunday
13387,A,P06,37,58,0,Day,Friday
13388,A,P03,35,28,1,Night,Tuesday
13389,A,P05,39,58,0,Day,Thursday
13390,B,P03,5,39,0,Day,Thursday
13391,D,P05,12,42,2,Day,Thursday
13392,A,P05,16,31,0,Night,Thursday
13393,B,P04,23,34,0,Night,Friday
13394,D,P01,29,36,1,Night,Wednesday
13395,A,P06,36,31,2,Night,Friday
13396,C,P04,16,39,0,Day,Saturday
13397,D,P04,17,37,0,Night,Friday
13398,A,P07,32,60,1,Night,Tuesday
13399,D,P05,5,30,0,Night,Wednesday
13400,D,P05,10,43,1,Day,Sunday
13401,D,P06,12,44,0,Day,Monday
13402,D,P03,8,31,1,Night,Monday
13403,D,P03,9,48,2,Night,Sunday
13404,D,P08,29,38,0,Night,Wednesday
13405,A,P04,26,17,1,Night,Monday
13406,C,P08,32,48,0,Day,Wednesday
13407,B,P02,27,30,2,Night,Tuesday
13408,D,P02,8,31,1,Night,Tuesday
13409,B,P08,8,48,0,Day,Friday
13410,A,P03,25,38,0,Night,Monday
13411,D,P02,6,51,1,Night,Sunday
13412,C,P07,11,54,0,Night,Wednesday
13413,B,P03,20,35,1,Day,Tuesday
13414,D,P05,21,49,0,Day,Friday
13415,A,P04,24,34,1,Night,Monday
13416,C,P01,27,64,0,Night,Monday
13417,B,P04,38,35,0,Day,Monday
13418,B,P08,15,52,1,Day,Tuesday
13419,D,P03,38,50,0,Day,Tuesday
13420,C,P08,37,45,0,Night,Monday
13421,C,P07,30,35,0,Day,Tuesday
13422,C,P03,6,40,0,Day,Monday
13423,C,P04,27,20,0,Day,Thursday
13424,A,P07,26,44,0,Night,Tuesday
13425,C,P07,38,45,2,Day,Wednesday
13426,B,P07,19,43,0,Night,Tuesday
13427,B,P06,14,12,0,Night,Monday
13428,A,P03,19,29,1,Night,Wednesday
13429,B,P02,33,34,2,Night,Friday
13430,B,P02,27,44,0,Day,Wednesday
13431,C,P03,21,44,1,Night,Wednesday
13432,B,P03,13,40,0,Night,Tuesday
13433,A,P06,13,48,1,Night,Saturday
13434,C,P02,20,31,1,Day,Wednesday
13435,D,P03,37,48,1,Day,Wednesday
13436,C,P03,35,46,0,Day,Sunday
13437,A,P08,10,45,1,Day,Monday
13438,C,P06,14,40,1,Night,Tuesday
13439,C,P06,20,60,0,Night,Monday
13440,A,P04,8,46,0,Night,Tuesday
13441,C,P06,26,32,2,Day,Friday
13442,A,P01,17,44,2,Day,Saturday
13443,A,P02,20,49,0,Day,Wednesday
13444,D,P04,33,36,0,Night,Sunday
13445,B,P01,10,52,0,Night,Tuesday
13446,B,P03,30,45,1,Night,Wednesday
13447,C,P08,15,18,0,Day,Wednesday
13448,C,P08,28,44,0,Day,Thursday
13449,D,P03,33,37,0,Night,Monday
13450,D,P04,7,47,0,Day,Saturday
13451,D,P06,14,51,0,Night,Sunday
13452,A,P07,5,43,1,Night,Tuesday
13453,D,P08,30,58,1,Day,Friday
13454,D,P07,16,40,1,Night,Saturday
13455,C,P03,18,48,0,Night,Thursday
13456,D,P07,29,50,0,Night,Monday
13457,A,P05,12,41,1,Night,Friday
13458,A,P04,8,49,0,Night,Friday
13459,C,P01,32,36,1,Day,Wednesday
13460,D,P04,11,37,2,Night,Monday
13461,D,P02,14,28,0,Day,Thursday
13462,A,P06,6,44,0,Night,Tuesday
13463,D,P06,30,45,0,Day,Tuesday
13464,D,P04,18,53,0,Day,Thursday
13465,D,P03,20,49,1,Day,Wednesday
13466,B,P03,21,39,0,Night,Wednesday
13467,C,P05,26,30,1,Day,Friday
13468,B,P05,8,46,0,Night,Monday
13469,C,P06,23,53,0,Night,Friday
13470,A,P05,6,49,1,Day,Sunday
13471,D,P08,13,52,0,Day,Sunday
13472,C,P08,23,39,1,Night,Tuesday
13473,B,P01,20,37,0,Night,Thursday
13474,D,P05,29,34,0,Night,Monday
13475,A,P01,22,41,1,Day,Thursday
13476,C,P05,27,41,0,Night,Monday
13477,C,P06,25,44,1,Night,Saturday
13478,C,P06,15,40,1,Night,Tuesday
13479,D,P01,8,40,1,Night,Tuesday
13480,B,P04,29,34,2,Night,Saturday
13481,B,P06,36,51,2,Night,Monday
13482,C,P04,34,42,0,Night,Wednesday
13483,A,P03,30,40,0,Night,Monday
13484,A,P08,38,34,0,Night,Tuesday
13485,B,P01,13,28,0,Night,Sunday
13486,A,P07,16,55,1,Night,Thursday
13487,B,P06,6,47,0,Night,Friday
13488,C,P02,9,25,0,Day,Thursday
13489,B,P03,9,49,0,Night,Tuesday
13490,B,P04,26,51,2,Night,Thursday
13491,C,P06,9,43,1,Night,Wednesday
13492,A,P01,8,57,0,Night,Wednesday
13493,B,P07,13,44,0,Night,Sunday
13494,B,P05,33,27,0,Day,Monday
13495,C,P07,26,45,0,Night,Thursday
13496,A,P02,31,44,2,Day,Thursday
13497,B,P04,14,35,2,Night,Tuesday
13498,C,P03,20,47,0,Day,Monday
13499,B,P07,14,25,0,Day,Monday
13500,D,P01,10,51,2,Night,Thursday
13501,C,P02,9,33,0,Day,Friday
13502,A,P01,10,32,2,Day,Thursday
13503,A,P06,29,40,1,Night,Thursday
13504,A,P05,8,46,1,Day,Thursday
13505,A,P03,36,43,0,Day,Wednesday
13506,B,P01,39,34,0,Day,Saturday
13507,B,P04,14,36,0,Night,Monday
13508,A,P06,38,30,2,Night,Saturday
13509,A,P06,10,39,0,Night,Wednesday
13510,A,P03,20,52,0,Night,Friday
13511,B,P06,23,41,1,Day,Tuesday
13512,A,P04,38,50,0,Night,Sunday
13513,A,P01,29,56,0,Day,Friday
13514,D,P03,35,36,1,Night,Monday
13515,D,P08,21,40,1,Night,Tuesday
13516,A,P06,34,63,0,Day,Saturday
13517,C,P06,35,56,1,Day,Friday
13518,A,P04,23,25,0,Night,Monday
13519,D,P05,39,45,1,Night,Sunday
13520,C,P05,33,42,0,Night,Sunday
13521,C,P07,5,50,1,Night,Friday
13522,A,P06,8,34,1,Night,Tuesday
13523,D,P08,32,33,0,Day,Tuesday
13524,D,P01,22,35,1,Night,Friday
13525,C,P03,30,36,0,Day,Wednesday
13526,A,P06,23,50,1,Night,Friday
13527,B,P02,10,30,0,Night,Saturday
13528,B,P03,5,35,0,Day,Friday
13529,D,P07,12,24,1,Night,Friday
13530,B,P05,37,52,1,Day,Wednesday
13531,D,P08,25,54,1,Day,Thursday
13532,D,P06,28,38,2,Night,Tuesday
13533,D,P04,29,39,1,Day,Saturday
13534,B,P02,23,46,1,Night,Monday
13535,D,P06,33,56,0,Night,Tuesday
13536,C,P08,14,46,2,Night,Tuesday
13537,A,P07,16,35,1,Night,Thursday
13538,A,P01,37,25,1,Night,Tuesday
13539,D,P02,11,30,0,Night,Tuesday
13540,A,P07,21,42,0,Night,Wednesday
13541,B,P06,14,35,0,Day,Wednesday
13542,B,P01,35,43,0,Night,Wednesday
13543,A,P02,10,36,0,Day,Wednesday
13544,B,P01,21,31,0,Night,Wednesday
13545,A,P01,22,30,0,Night,Saturday
13546,A,P02,30,57,0,Day,Monday
13547,A,P02,20,50,2,Day,Thursday
13548,D,P01,12,59,0,Day,Friday
13549,A,P07,28,47,0,Day,Sunday
13550,D,P08,17,37,0,Night,Saturday
13551,A,P05,33,55,0,Night,Wednesday
13552,A,P02,36,41,0,Day,Thursday
13553,A,P06,28,44,0,Night,Friday
13554,B,P03,20,41,0,Day,Tuesday
13555,D,P04,15,12,0,Day,Saturday
13556,D,P01,36,58,2,Day,Tuesday
13557,A,P01,10,46,0,Day,Thursday
13558,A,P04,39,45,2,Day,Monday
13559,B,P05,37,41,0,Night,Monday
13560,B,P04,22,43,2,Day,Thursday
13561,B,P02,17,36,2,Day,Sunday
13562,D,P04,14,48,2,Night,Sunday
13563,D,P01,30,28,0,Day,Monday
13564,D,P04,21,43,1,Day,Sunday
13565,A,P03,5,47,0,Night,Monday
13566,D,P06,29,40,0,Night,Tuesday
13567,C,P02,38,45,0,Night,Sunday
13568,C,P04,14,32,1,Night,Monday
13569,B,P01,24,32,0,Night,Monday
13570,D,P07,11,44,0,Day,Thursday
13571,C,P06,20,48,0,Day,Monday
13572,B,P02,33,23,1,Day,Sunday
13573,D,P01,16,47,0,Night,Sunday
13574,A,P05,21,36,0,Night,Saturday
13575,C,P03,24,40,0,Night,Wednesday
13576,A,P08,30,28,2,Night,Wednesday
13577,D,P05,23,33,0,Night,Thursday
13578,C,P08,16,51,1,Night,Wednesday
13579,D,P03,25,42,1,Day,Tuesday
13580,A,P04,38,38,0,Night,Saturday
13581,C,P02,11,40,0,Day,Saturday
13582,A,P04,39,46,1,Day,Thursday
13583,D,P03,19,46,0,Day,Sunday
13584,D,P03,5,41,1,Night,Monday
13585,A,P03,30,52,0,Night,Wednesday
13586,C,P08,39,51,1,Night,Tuesday
13587,A,P06,29,46,0,Night,Sunday
13588,D,P01,19,42,2,Night,Thursday
13589,A,P02,26,48,0,Day,Sunday
13590,D,P04,10,45,2,Day,Thursday
13591,A,P04,19,52,1,Night,Monday
13592,C,P05,28,50,0,Day,Friday
13593,C,P08,25,31,2,Day,Wednesday
13594,A,P03,11,31,0,Night,Tuesday
13595,A,P07,33,34,1,Day,Thursday
13596,C,P03,36,51,0,Day,Sunday
13597,D,P03,36,26,0,Night,Wednesday
13598,C,P07,9,45,0,Day,Sunday
13599,D,P04,8,45,0,Night,Tuesday
13600,A,P05,26,53,0,Night,Saturday
13601,A,P01,22,43,1,Night,Saturday
13602,D,P07,39,28,0,Day,Tuesday
13603,A,P08,21,32,0,Day,Saturday
13604,D,P06,28,30,0,Day,Thursday
13605,B,P02,6,36,0,Night,Wednesday
13606,C,P08,17,40,0,Day,Tuesday
13607,B,P07,19,30,0,Day,Thursday
13608,D,P01,9,56,0,Night,Wednesday
13609,C,P04,7,28,0,Night,Wednesday
13610,D,P06,7,55,1,Night,Thursday
13611,C,P06,39,53,2,Day,Wednesday
13612,C,P06,27,50,0,Night,Friday
13613,C,P03,32,35,0,Day,Tuesday
13614,C,P02,34,45,1,Night,Tuesday
13615,D,P04,22,29,0,Night,Wednesday
13616,C,P04,37,51,0,Night,Thursday
13617,C,P06,30,41,2,Night,Monday
13618,B,P04,21,37,0,Day,Saturday
13619,A,P02,11,29,1,Day,Wednesday
13620,A,P02,12,17,2,Day,Monday
13621,B,P05,35,31,2,Night,Wednesday
13622,B,P07,16,53,0,Day,Monday
13623,D,P07,35,37,0,Night,Wednesday
13624,D,P05,23,40,0,Night,Thursday
13625,D,P01,14,48,0,Day,Saturday
13626,B,P07,16,60,0,Night,Sunday
13627,B,P02,24,55,0,Night,Sunday
13628,C,P02,11,32,1,Day,Monday
13629,D,P07,18,22,2,Day,Friday
13630,D,P02,15,65,0,Night,Thursday
13631,D,P05,11,64,0,Day,Saturday
13632,A,P06,33,43,0,Night,Wednesday
13633,C,P06,14,29,0,Day,Monday
13634,D,P04,33,51,2,Night,Saturday
13635,D,P08,13,40,0,Night,Tuesday
13636,D,P08,14,40,1,Night,Thursday
13637,A,P06,23,50,0,Day,Monday
13638,A,P03,35,45,0,Day,Thursday
13639,B,P05,21,30,0,Night,Monday
13640,C,P02,13,38,0,Day,Sunday
13641,B,P07,37,48,2,Day,Tuesday
13642,C,P06,38,47,1,Day,Friday
13643,A,P05,28,44,0,Night,Tuesday
13644,D,P06,13,51,2,Day,Wednesday
13645,B,P01,11,38,0,Day,Thursday
13646,D,P02,20,43,1,Day,Friday
13647,B,P01,23,8,2,Night,Thursday
13648,A,P02,10,37,2,Night,Saturday
13649,A,P05,15,49,0,Night,Monday
13650,A,P04,16,38,0,Day,Wednesday
13651,B,P06,17,37,0,Night,Wednesday
13652,C,P06,16,31,0,Day,Thursday
13653,B,P03,25,52,0,Day,Sunday
13654,C,P07,14,47,0,Night,Wednesday
13655,B,P01,24,50,0,Day,Thursday
13656,B,P06,32,24,2,Night,Monday
13657,A,P05,28,40,1,Day,Monday
13658,D,P04,9,39,0,Day,Thursday
13659,D,P07,16,39,0,Day,Tuesday
13660,C,P05,39,35,2,Day,Tuesday
13661,D,P01,6,38,0,Day,Monday
13662,B,P03,13,50,1,Night,Friday
13663,B,P06,26,22,0,Night,Tuesday
13664,A,P05,9,59,0,Night,Thursday
13665,A,P07,16,46,0,Night,Monday
13666,D,P02,5,41,1,Day,Wednesday
13667,C,P04,26,51,0,Day,Wednesday
13668,D,P07,23,27,0,Night,Sunday
13669,D,P05,20,35,0,Night,Tuesday
13670,D,P04,35,40,0,Day,Friday
13671,D,P06,7,55,2,Night,Saturday
13672,B,P02,27,41,0,Day,Tuesday
13673,C,P03,22,46,0,Day,Friday
13674,B,P07,30,36,0,Night,Tuesday
13675,C,P03,17,46,0,Day,Wednesday
13676,A,P02,22,58,0,Day,Friday
13677,D,P04,7,51,0,Night,Wednesday
13678,B,P06,27,41,0,Night,Sunday
13679,C,P05,7,48,1,Day,Thursday
13680,A,P02,29,47,2,Night,Thursday
13681,A,P01,31,47,2,Day,Monday
13682,D,P04,31,53,0,Night,Wednesday
13683,C,P03,29,53,1,Day,Wednesday
13684,B,P07,28,40,1,Day,Sunday
13685,D,P02,12,48,2,Day,Monday
13686,B,P03,13,38,0,Day,Thursday
13687,A,P04,34,32,0,Day,Thursday
13688,B,P03,23,39,1,Day,Friday
13689,B,P02,20,41,2,Day,Friday
13690,D,P04,28,25,1,Day,Saturday
13691,B,P01,25,50,0,Day,Sunday
13692,D,P02,10,14,0,Night,Thursday
13693,A,P05,9,69,0,Day,Saturday
13694,D,P08,18,57,2,Night,Tuesday
13695,D,P06,8,39,0,Night,Wednesday
13696,C,P02,12,42,0,Night,Friday
13697,B,P04,28,45,1,Day,Tuesday
13698,A,P07,15,36,1,Day,Friday
13699,D,P06,21,43,1,Night,Monday
13700,A,P02,25,40,0,Day,Wednesday
13701,C,P01,30,41,0,Day,Saturday
13702,B,P07,31,43,2,Day,Saturday
13703,D,P01,20,28,1,Day,Friday
13704,B,P05,30,42,1,Day,Thursday
13705,C,P07,37,43,0,Day,Sunday
13706,C,P03,35,43,1,Night,Saturday
13707,A,P08,10,39,1,Night,Monday
13708,D,P07,12,53,0,Night,Monday
13709,A,P06,11,38,1,Night,Thursday
13710,C,P07,38,44,1,Night,Monday
13711,B,P04,18,54,0,Day,Sunday
13712,A,P08,20,41,1,Day,Wednesday
13713,A,P04,13,44,0,Day,Friday
13714,B,P03,14,41,1,Night,Monday
13715,A,P07,21,54,0,Night,Wednesday
13716,B,P01,16,39,2,Day,Thursday
13717,D,P01,10,54,0,Night,Friday
13718,B,P02,23,40,0,Day,Thursday
13719,D,P05,33,33,1,Day,Friday
13720,B,P06,10,48,0,Day,Sunday
13721,C,P08,29,38,0,Night,Monday
13722,C,P05,28,48,0,Night,Monday
13723,D,P07,29,14,0,Day,Friday
13724,D,P05,20,42,0,Day,Wednesday
13725,C,P02,20,37,0,Night,Wednesday
13726,D,P05,10,31,0,Night,Wednesday
13727,B,P08,25,36,0,Night,Tuesday
13728,B,P03,8,36,1,Night,Saturday
13729,C,P02,38,41,1,Day,Saturday
13730,A,P03,32,28,0,Day,Saturday
13731,B,P07,32,45,2,Night,Wednesday
13732,D,P02,21,55,0,Night,Monday
13733,A,P07,18,44,0,Night,Sunday
13734,A,P07,11,50,2,Night,Tuesday
13735,B,P05,26,52,1,Day,Wednesday
13736,B,P03,5,54,0,Night,Monday
13737,A,P07,33,60,1,Night,Tuesday
13738,A,P03,35,37,1,Day,Monday
13739,C,P03,34,34,0,Night,Friday
13740,D,P02,19,49,0,Day,Monday
13741,C,P04,22,49,1,Day,Tuesday
13742,B,P05,39,49,0,Day,Wednesday
13743,C,P07,34,60,0,Night,Saturday
13744,C,P03,38,42,0,Day,Tuesday
13745,C,P06,15,46,0,Night,Wednesday
13746,C,P04,31,32,0,Night,Wednesday
13747,D,P07,28,63,0,Day,Sunday
13748,D,P06,39,38,0,Day,Thursday
13749,A,P05,12,38,0,Day,Sunday
13750,B,P05,22,38,0,Night,Friday
13751,C,P03,17,35,1,Night,Thursday
13752,A,P03,28,34,1,Day,Saturday
13753,A,P08,27,36,2,Night,Tuesday
13754,A,P08,16,28,0,Day,Thursday
13755,D,P07,34,34,1,Night,Saturday
13756,C,P02,35,61,1,Night,Wednesday
13757,C,P04,32,49,0,Night,Tuesday
13758,B,P07,26,51,0,Night,Thursday
13759,C,P04,32,53,0,Day,Monday
13760,C,P03,17,60,1,Day,Saturday
13761,A,P05,29,24,0,Day,Saturday
13762,B,P03,11,29,0,Night,Friday
13763,C,P05,10,33,1,Night,Monday
13764,D,P08,28,37,1,Day,Tuesday
13765,C,P07,23,38,0,Day,Thursday
13766,A,P08,23,37,0,Day,Wednesday
13767,D,P05,13,44,1,Night,Thursday
13768,A,P03,33,42,0,Day,Sunday
13769,C,P08,28,34,2,Day,Tuesday
13770,D,P01,9,20,0,Day,Tuesday
13771,B,P04,30,32,0,Day,Tuesday
13772,B,P06,18,36,0,Day,Tuesday
13773,D,P05,33,39,1,Day,Sunday
13774,D,P05,10,30,2,Day,Saturday
13775,A,P01,11,37,1,Day,Thursday
13776,D,P07,22,30,1,Day,Monday
13777,A,P07,27,40,0,Night,Wednesday
13778,C,P07,5,31,1,Day,Wednesday
13779,A,P06,8,33,2,Day,Friday
13780,D,P02,39,28,2,Day,Saturday
13781,D,P01,27,40,0,Night,Tuesday
13782,C,P06,31,33,1,Night,Tuesday
13783,D,P08,30,51,1,Day,Tuesday
13784,D,P01,12,46,0,Night,Saturday
13785,B,P05,20,41,1,Night,Monday
13786,B,P04,7,34,1,Day,Tuesday
13787,C,P01,36,45,2,Night,Friday
13788,A,P02,9,48,0,Night,Friday
13789,B,P03,24,43,1,Day,Monday
13790,A,P08,18,58,0,Day,Saturday
13791,D,P06,36,46,0,Night,Tuesday
13792,B,P08,30,51,0,Day,Sunday
13793,C,P08,10,43,0,Day,Thursday
13794,C,P01,9,48,0,Day,Thursday
13795,C,P01,17,34,0,Night,Wednesday
13796,B,P02,36,37,1,Day,Monday
13797,A,P04,20,45,0,Night,Thursday
13798,D,P01,5,45,1,Night,Wednesday
13799,A,P01,17,47,1,Day,Friday
13800,A,P04,15,53,1,Night,Wednesday
13801,D,P02,12,27,2,Day,Tuesday
13802,D,P06,29,32,0,Day,Tuesday
13803,B,P08,36,44,0,Day,Friday
13804,B,P06,28,34,0,Day,Monday
13805,B,P01,32,75,0,Day,Saturday
13806,B,P04,18,47,1,Night,Tuesday
13807,B,P01,7,41,1,Night,Tuesday
13808,D,P07,31,36,2,Day,Wednesday
13809,A,P03,24,37,0,Night,Wednesday
13810,B,P06,19,42,0,Night,Wednesday
13811,B,P07,31,43,0,Night,Thursday
13812,A,P05,32,37,1,Night,Sunday
13813,B,P03,29,39,0,Day,Friday
13814,A,P01,37,55,0,Day,Monday
13815,A,P02,18,55,0,Day,Wednesday
13816,D,P06,12,44,0,Night,Monday
13817,C,P05,18,28,0,Night,Sunday
13818,D,P03,5,47,0,Day,Wednesday
13819,C,P06,20,57,1,Day,Tuesday
13820,C,P04,22,55,0,Night,Sunday
13821,C,P02,11,49,0,Day,Monday
13822,B,P03,19,56,1,Night,Thursday
13823,D,P04,28,42,0,Day,Wednesday
13824,C,P07,17,48,0,Day,Saturday
13825,A,P01,13,35,0,Night,Friday
13826,B,P04,19,44,1,Day,Tuesday
13827,D,P03,39,55,0,Day,Sunday
13828,C,P08,28,36,2,Day,Sunday
13829,A,P03,37,33,2,Day,Wednesday
13830,D,P08,20,42,0,Day,Sunday
13831,D,P07,12,39,1,Day,Monday
13832,B,P01,33,48,0,Night,Wednesday
13833,D,P08,27,37,0,Night,Tuesday
13834,B,P08,35,59,2,Night,Friday
13835,C,P04,18,29,0,Night,Friday
13836,B,P04,34,54,0,Night,Friday
13837,A,P01,31,34,0,Day,Saturday
13838,B,P04,20,24,0,Day,Tuesday
13839,A,P06,10,44,0,Night,Saturday
13840,B,P01,37,39,1,Day,Saturday
13841,D,P02,22,30,1,Day,Sunday
13842,C,P08,20,25,1,Day,Wednesday
13843,A,P03,16,41,1,Day,Tuesday
13844,B,P02,24,51,0,Day,Tuesday
13845,B,P08,33,47,1,Night,Sunday
13846,B,P06,34,42,0,Night,Wednesday
13847,D,P08,30,46,2,Day,Thursday
13848,D,P08,26,41,0,Night,Saturday
13849,A,P08,37,27,0,Night,Friday
13850,A,P07,33,27,1,Night,Monday
13851,D,P06,26,39,1,Night,Saturday
13852,A,P05,17,40,1,Day,Monday
13853,C,P05,13,50,0,Night,Wednesday
13854,C,P05,28,49,0,Day,Monday
13855,D,P01,19,48,0,Night,Thursday
13856,A,P04,17,39,1,Night,Tuesday
13857,B,P06,31,28,0,Day,Friday
13858,C,P02,11,46,0,Day,Monday
13859,D,P07,12,47,0,Night,Monday
13860,A,P02,18,18,2,Night,Wednesday
13861,D,P02,16,33,0,Day,Wednesday
13862,B,P02,21,35,2,Night,Sunday
13863,C,P07,33,43,1,Day,Tuesday
13864,D,P05,31,33,0,Day,Friday
13865,D,P02,5,41,0,Day,Sunday
13866,D,P07,38,39,0,Night,Sunday
13867,B,P07,8,40,1,Day,Monday
13868,D,P04,28,34,0,Day,Tuesday
13869,B,P07,25,35,0,Night,Friday
13870,B,P05,37,31,0,Day,Tuesday
13871,B,P02,11,45,0,Night,Monday
13872,C,P07,5,47,2,Night,Wednesday
13873,C,P01,7,34,0,Day,Wednesday
13874,D,P07,19,57,0,Night,Wednesday
13875,D,P03,35,38,1,Night,Thursday
13876,C,P03,20,57,0,Night,Tuesday
13877,A,P03,14,35,2,Day,Monday
13878,C,P07,33,21,0,Day,Tuesday
13879,B,P05,10,46,0,Day,Wednesday
13880,C,P02,33,44,1,Night,Saturday
13881,B,P06,21,42,1,Day,Saturday
13882,D,P06,26,35,0,Day,Tuesday
13883,A,P06,28,41,0,Night,Friday
13884,D,P05,21,36,0,Day,Saturday
13885,B,P04,25,38,0,Night,Saturday
13886,B,P08,15,50,1,Day,Tuesday
13887,B,P01,11,43,2,Night,Sunday
13888,A,P01,9,48,1,Night,Thursday
13889,C,P03,25,39,0,Night,Thursday
13890,D,P03,22,38,1,Night,Wednesday
13891,D,P07,39,30,2,Day,Monday
13892,C,P06,24,38,0,Night,Sunday
13893,D,P07,19,8,1,Night,Friday
13894,A,P08,9,36,1,Night,Sunday
13895,D,P06,17,41,1,Night,Monday
13896,B,P03,16,47,0,Night,Monday
13897,C,P02,25,39,0,Night,Friday
13898,A,P04,10,45,0,Day,Thursday
13899,C,P07,11,20,2,Night,Sunday
13900,A,P04,30,41,1,Day,Saturday
13901,B,P04,12,25,2,Night,Wednesday
13902,C,P04,13,29,0,Night,Tuesday
13903,D,P03,31,40,0,Day,Thursday
13904,A,P01,8,54,0,Night,Wednesday
13905,C,P03,25,45,2,Night,Saturday
13906,D,P04,35,42,0,Day,Thursday
13907,C,P03,25,41,1,Day,Sunday
13908,C,P04,29,34,0,Day,Friday
13909,C,P05,19,36,1,Day,Monday
13910,A,P06,39,46,0,Night,Friday
13911,D,P01,32,28,0,Day,Saturday
13912,B,P05,18,47,0,Day,Tuesday
13913,A,P02,8,38,2,Day,Friday
13914,A,P03,24,50,0,Night,Saturday
13915,A,P02,38,51,2,Day,Monday
13916,B,P07,16,25,1,Night,Thursday
13917,D,P03,37,36,0,Night,Wednesday
13918,D,P08,28,33,2,Night,Saturday
13919,D,P08,24,23,1,Night,Saturday
13920,C,P06,9,31,2,Day,Sunday
13921,C,P05,34,66,0,Day,Tuesday
13922,C,P06,28,48,0,Night,Thursday
13923,B,P07,11,61,0,Day,Saturday
13924,C,P04,20,50,1,Day,Saturday
13925,B,P06,19,34,1,Day,Wednesday
13926,D,P06,27,38,0,Day,Monday
13927,C,P08,16,47,0,Night,Friday
13928,C,P04,33,46,1,Day,Sunday
13929,A,P08,19,36,1,Day,Thursday
13930,B,P03,33,26,0,Night,Wednesday
13931,D,P04,25,74,1,Day,Wednesday
13932,A,P05,19,40,1,Day,Friday
13933,A,P06,18,38,1,Day,Thursday
13934,D,P08,20,43,0,Night,Thursday
13935,A,P04,19,39,1,Day,Sunday
13936,B,P07,8,43,1,Day,Monday
13937,B,P07,31,54,0,Night,Thursday
13938,C,P06,27,40,0,Day,Sunday
13939,A,P05,33,30,0,Night,Saturday
13940,C,P02,13,40,1,Night,Friday
13941,A,P08,11,37,0,Night,Thursday
13942,B,P05,8,56,1,Day,Monday
13943,B,P01,9,53,1,Day,Wednesday
13944,B,P01,9,43,1,Day,Saturday
13945,A,P01,15,29,2,Day,Thursday
13946,B,P06,32,29,1,Day,Friday
13947,A,P07,20,42,1,Night,Thursday
13948,C,P03,34,45,2,Night,Sunday
13949,A,P08,8,38,1,Night,Tuesday
13950,C,P07,6,37,0,Night,Monday
13951,A,P03,7,36,0,Day,Wednesday
13952,C,P03,25,41,0,Night,Tuesday
13953,B,P07,10,18,0,Night,Friday
13954,C,P08,22,30,0,Day,Thursday
13955,B,P06,9,35,1,Night,Monday
13956,B,P05,13,54,0,Day,Saturday
13957,C,P03,24,33,1,Day,Sunday
13958,A,P02,32,43,1,Day,Sunday
13959,A,P07,30,44,1,Night,Thursday
13960,D,P07,22,54,1,Night,Thursday
13961,A,P01,23,54,1,Night,Thursday
13962,D,P05,7,41,1,Night,Saturday
13963,A,P01,13,37,2,Night,Thursday
13964,A,P07,35,35,1,Night,Monday
13965,B,P07,21,39,1,Day,Saturday
13966,D,P03,27,37,0,Day,Saturday
13967,A,P05,38,47,0,Night,Tuesday
13968,D,P04,9,46,0,Night,Friday
13969,B,P02,19,47,2,Day,Saturday
13970,B,P08,7,54,0,Day,Tuesday
13971,D,P03,23,60,1,Day,Monday
13972,B,P07,32,43,0,Night,Friday
13973,C,P08,7,52,1,Night,Saturday
13974,C,P03,8,38,0,Night,Wednesday
13975,B,P02,28,53,0,Day,Tuesday
13976,C,P07,35,52,0,Night,Monday
13977,A,P02,15,52,0,Night,Monday
13978,D,P08,5,42,0,Night,Monday
13979,A,P04,13,35,2,Night,Sunday
13980,D,P03,21,28,0,Night,Friday
13981,B,P06,5,41,1,Night,Thursday
13982,A,P03,7,57,1,Day,Wednesday
13983,B,P01,30,38,1,Night,Friday
13984,B,P05,35,49,0,Day,Friday
13985,D,P05,30,50,1,Day,Saturday
13986,D,P01,27,39,0,Day,Sunday
13987,D,P07,34,55,0,Night,Tuesday
13988,A,P05,14,12,0,Night,Wednesday
13989,C,P02,12,29,2,Night,Monday
13990,D,P08,29,32,1,Night,Friday
13991,D,P08,26,33,0,Day,Wednesday
13992,A,P05,19,45,1,Night,Tuesday
13993,D,P05,14,44,0,Day,Thursday
13994,A,P01,24,45,0,Night,Wednesday
13995,B,P07,27,47,0,Night,Sunday
13996,D,P04,5,32,1,Day,Sunday
13997,D,P05,6,29,0,Day,Monday
13998,B,P06,23,45,2,Day,Sunday
13999,B,P05,18,35,0,Night,Friday
14000,B,P04,12,26,2,Day,Thursday
14001,D,P01,16,51,2,Day,Tuesday
14002,C,P04,30,55,0,Day,Monday
14003,C,P01,31,57,1,Night,Thursday
14004,C,P02,33,43,0,Day,Saturday
14005,D,P01,19,48,1,Day,Saturday
14006,B,P02,5,55,0,Night,Tuesday
14007,D,P02,32,35,0,Day,Monday
14008,B,P01,7,53,0,Day,Sunday
14009,D,P06,22,44,0,Day,Friday
14010,D,P03,38,51,2,Night,Tuesday
14011,B,P01,36,43,1,Day,Sunday
14012,C,P05,33,54,2,Day,Thursday
14013,B,P06,29,44,0,Day,Monday
14014,A,P06,30,27,2,Day,Saturday
14015,A,P05,12,56,0,Day,Saturday
14016,B,P03,23,32,0,Day,Wednesday
14017,D,P06,26,54,0,Day,Monday
14018,A,P02,33,41,2,Night,Thursday
14019,A,P08,37,53,0,Night,Thursday
14020,D,P03,39,53,1,Night,Wednesday
14021,D,P07,7,46,1,Day,Sunday
14022,C,P05,23,47,0,Night,Thursday
14023,D,P03,14,46,2,Day,Sunday
14024,B,P01,31,21,1,Day,Sunday
14025,B,P08,19,43,0,Day,Monday
14026,C,P03,15,30,0,Night,Sunday
14027,A,P02,30,43,1,Night,Saturday
14028,A,P08,28,30,0,Day,Tuesday
14029,D,P01,17,30,0,Day,Saturday
14030,B,P04,36,58,0,Night,Sunday
14031,A,P05,8,52,0,Night,Saturday
14032,C,P08,17,41,0,Night,Monday
14033,C,P05,13,43,0,Night,Sunday
14034,B,P03,38,39,0,Night,Thursday
14035,C,P06,11,47,1,Night,Wednesday
14036,C,P01,5,35,1,Night,Wednesday
14037,B,P04,16,51,0,Day,Friday
14038,D,P01,25,39,0,Day,Wednesday
14039,D,P05,15,37,0,Night,Wednesday
14040,C,P01,18,42,0,Night,Thursday
14041,D,P04,38,36,1,Day,Tuesday
14042,D,P06,38,45,0,Night,Tuesday
14043,C,P03,29,36,1,Day,Thursday
14044,D,P02,8,46,0,Day,Wednesday
14045,C,P01,30,54,0,Night,Monday
14046,A,P08,20,34,0,Day,Saturday
14047,B,P02,14,40,0,Night,Sunday
14048,B,P05,6,46,1,Night,Saturday
14049,D,P03,39,37,0,Day,Tuesday
14050,D,P07,23,46,0,Day,Thursday
14051,D,P03,10,47,2,Day,Monday
14052,B,P01,23,52,0,Night,Wednesday
14053,A,P08,12,35,0,Night,Thursday
14054,A,P06,18,32,0,Night,Tuesday
14055,B,P03,14,38,0,Night,Sunday
14056,A,P01,7,32,1,Night,Monday
14057,B,P01,33,47,0,Night,Monday
14058,A,P02,19,30,0,Night,Tuesday
14059,C,P03,27,65,1,Day,Monday
14060,C,P01,27,54,2,Night,Saturday
14061,B,P02,22,42,0,Day,Sunday
14062,A,P08,23,50,1,Day,Tuesday
14063,D,P04,32,25,1,Night,Saturday
14064,A,P08,30,67,2,Day,Thursday
14065,C,P07,14,36,0,Day,Friday
14066,C,P02,8,40,1,Day,Sunday
14067,A,P02,6,23,1,Night,Wednesday
14068,A,P01,7,46,0,Day,Thursday
14069,D,P05,11,30,0,Night,Saturday
14070,D,P05,20,43,0,Night,Wednesday
14071,A,P06,35,36,0,Night,Wednesday
14072,A,P05,14,31,0,Day,Saturday
14073,A,P02,23,33,0,Day,Saturday
14074,A,P06,32,44,1,Night,Sunday
14075,B,P08,21,29,1,Night,Tuesday
14076,A,P01,32,34,0,Night,Friday
14077,D,P08,23,48,0,Day,Sunday
14078,C,P03,27,68,1,Day,Saturday
14079,B,P07,24,46,0,Day,Wednesday
14080,A,P07,17,32,1,Day,Wednesday
14081,C,P02,17,38,2,Day,Thursday
14082,B,P02,15,42,0,Day,Friday
14083,C,P06,19,38,2,Day,Friday
14084,A,P01,21,51,0,Night,Wednesday
14085,A,P04,32,44,1,Day,Friday
14086,D,P02,23,51,1,Night,Thursday
14087,A,P04,8,38,1,Day,Tuesday
14088,A,P08,26,55,0,Night,Wednesday
14089,B,P04,26,40,1,Day,Monday
14090,D,P05,38,32,0,Day,Wednesday
14091,B,P01,37,63,2,Day,Wednesday
14092,C,P07,37,23,0,Night,Tuesday
14093,A,P07,16,34,0,Day,Saturday
14094,C,P04,6,35,0,Day,Saturday
14095,B,P07,32,67,1,Night,Monday
14096,A,P08,14,60,0,Day,Monday
14097,A,P01,26,56,0,Day,Monday
14098,B,P05,21,38,0,Night,Saturday
14099,B,P01,30,66,1,Day,Sunday
14100,B,P02,7,45,0,Night,Tuesday
14101,B,P04,11,51,0,Night,Friday
14102,B,P01,12,43,0,Night,Monday
14103,A,P08,24,41,1,Day,Friday
14104,B,P07,16,39,0,Day,Thursday
14105,A,P03,39,39,2,Night,Tuesday
14106,A,P01,21,48,2,Night,Friday
14107,B,P04,32,45,1,Day,Saturday
14108,B,P05,14,41,1,Day,Sunday
14109,D,P07,26,57,0,Day,Saturday
14110,A,P05,37,12,0,Night,Monday
14111,B,P04,26,47,0,Day,Sunday
14112,B,P07,17,49,2,Night,Monday
14113,B,P02,31,53,0,Night,Sunday
14114,D,P07,19,41,0,Day,Friday
14115,D,P02,26,44,2,Day,Saturday
14116,C,P05,34,51,0,Night,Friday
14117,A,P05,38,56,0,Night,Thursday
14118,C,P04,38,38,0,Day,Tuesday
14119,B,P02,39,44,1,Night,Saturday
14120,D,P05,23,58,0,Day,Wednesday
14121,D,P02,12,20,0,Day,Saturday
14122,C,P05,37,35,0,Night,Thursday
14123,D,P07,32,56,0,Night,Saturday
14124,B,P01,29,52,2,Day,Thursday
14125,D,P08,21,47,0,Night,Saturday
14126,C,P03,28,37,0,Night,Thursday
14127,B,P08,25,33,0,Day,Sunday
14128,C,P07,6,36,0,Night,Monday
14129,D,P06,35,57,2,Day,Friday
14130,C,P08,37,35,2,Night,Saturday
14131,C,P01,34,43,0,Day,Tuesday
14132,A,P06,16,34,1,Night,Monday
14133,D,P05,16,50,1,Night,Thursday
14134,D,P03,28,36,0,Night,Tuesday
14135,C,P03,28,41,0,Night,Monday
14136,A,P05,15,25,0,Night,Wednesday
14137,D,P05,17,25,0,Night,Saturday
14138,B,P02,31,42,1,Night,Saturday
14139,C,P05,12,28,0,Night,Thursday
14140,D,P04,14,63,2,Day,Monday
14141,B,P08,12,21,1,Night,Monday
14142,D,P05,24,33,0,Night,Thursday
14143,B,P04,12,42,0,Night,Wednesday
14144,C,P05,13,38,2,Night,Saturday
14145,D,P02,11,30,1,Night,Friday
14146,D,P04,18,32,1,Day,Wednesday
14147,A,P08,32,32,1,Day,Thursday
14148,C,P01,6,39,1,Night,Friday
14149,B,P04,12,61,0,Night,Monday
14150,D,P07,17,42,0,Night,Sunday
14151,D,P02,25,53,0,Night,Sunday
14152,B,P06,32,47,2,Day,Wednesday
14153,C,P08,39,53,0,Night,Sunday
14154,A,P04,27,14,0,Day,Wednesday
14155,A,P07,19,38,1,Night,Sunday
14156,D,P07,6,55,2,Day,Saturday
14157,B,P08,16,36,1,Day,Sunday
14158,D,P08,7,59,1,Day,Saturday
14159,B,P07,9,56,1,Night,Friday
14160,A,P05,7,37,1,Night,Monday
14161,C,P07,23,36,1,Night,Wednesday
14162,B,P05,6,31,0,Night,Friday
14163,A,P06,21,35,0,Night,Wednesday
14164,D,P02,18,29,0,Day,Sunday
14165,B,P03,32,46,0,Day,Saturday
14166,C,P05,31,27,0,Day,Monday
14167,D,P07,14,48,0,Night,Sunday
14168,D,P07,7,48,0,Day,Monday
14169,A,P01,29,25,0,Night,Tuesday
14170,B,P07,26,57,1,Day,Friday
14171,D,P02,34,47,0,Night,Saturday
14172,C,P04,25,49,2,Day,Saturday
14173,B,P04,34,34,0,Night,Saturday
14174,C,P07,32,48,0,Day,Sunday
14175,D,P01,35,53,0,Day,Thursday
14176,C,P05,30,41,0,Day,Wednesday
14177,A,P02,26,62,1,Night,Monday
14178,C,P01,25,42,1,Day,Wednesday
14179,B,P05,5,53,1,Day,Wednesday
14180,C,P02,17,44,0,Day,Thursday
14181,C,P07,25,47,0,Night,Monday
14182,A,P04,13,25,1,Day,Tuesday
14183,C,P02,21,45,0,Night,Saturday
14184,C,P07,25,34,0,Day,Friday
14185,D,P06,35,33,0,Day,Wednesday
14186,D,P03,26,59,1,Night,Thursday
14187,B,P02,16,39,0,Night,Thursday
14188,D,P03,10,31,2,Day,Friday
14189,D,P02,20,38,1,Night,Friday
14190,D,P03,30,28,1,Night,Sunday
14191,D,P06,9,56,0,Night,Monday
14192,A,P04,13,35,0,Day,Wednesday
14193,D,P08,18,47,1,Day,Wednesday
14194,A,P05,34,55,0,Day,Friday
14195,A,P03,30,36,1,Night,Saturday
14196,D,P06,33,47,1,Night,Sunday
14197,C,P03,23,31,0,Night,Tuesday
14198,A,P04,12,66,2,Night,Wednesday
14199,C,P03,27,51,1,Day,Thursday
14200,C,P06,39,40,1,Night,Saturday
14201,D,P07,35,34,0,Day,Friday
14202,B,P06,39,40,2,Night,Wednesday
14203,D,P08,36,38,0,Day,Monday
14204,B,P08,9,61,0,Day,Friday
14205,B,P08,20,29,2,Night,Thursday
14206,D,P01,21,43,0,Night,Monday
14207,D,P04,36,41,0,Night,Sunday
14208,B,P07,36,40,0,Day,Friday
14209,D,P01,24,40,0,Night,Friday
14210,B,P04,6,40,1,Day,Wednesday
14211,C,P07,24,50,0,Night,Monday
14212,D,P03,22,48,0,Day,Sunday
14213,C,P07,5,46,0,Night,Friday
14214,A,P06,33,11,1,Day,Saturday
14215,C,P01,33,44,0,Day,Thursday
14216,C,P03,23,25,1,Day,Monday
14217,B,P06,10,48,2,Night,Saturday
14218,C,P04,12,56,0,Day,Wednesday
14219,D,P07,28,32,0,Night,Tuesday
14220,B,P06,24,39,0,Day,Sunday
14221,A,P03,18,36,0,Night,Friday
14222,D,P01,9,54,0,Night,Tuesday
14223,A,P01,38,42,1,Day,Friday
14224,C,P08,20,59,1,Day,Saturday
14225,D,P07,11,46,0,Night,Wednesday
14226,D,P06,20,44,2,Day,Wednesday
14227,A,P08,11,42,0,Night,Wednesday
14228,D,P03,31,50,2,Night,Wednesday
14229,D,P08,18,24,0,Night,Monday
14230,D,P02,18,42,0,Night,Monday
14231,C,P04,37,41,0,Night,Friday
14232,A,P08,37,49,1,Night,Monday
14233,D,P04,24,40,0,Night,Friday
14234,B,P03,11,31,0,Night,Sunday
14235,B,P02,36,42,0,Night,Monday
14236,B,P01,7,31,0,Day,Monday
14237,B,P07,33,22,0,Night,Monday
14238,C,P05,28,49,0,Night,Sunday
14239,D,P05,26,47,1,Night,Thursday
14240,A,P07,10,46,0,Day,Sunday
14241,D,P03,28,55,1,Day,Wednesday
14242,C,P02,27,35,0,Day,Sunday
14243,B,P02,14,27,0,Day,Thursday
14244,C,P04,20,41,0,Day,Monday
14245,D,P01,15,38,1,Day,Monday
14246,A,P06,36,33,1,Night,Thursday
14247,C,P08,10,41,0,Day,Saturday
14248,A,P02,28,35,1,Day,Friday
14249,C,P07,37,23,1,Day,Wednesday
14250,A,P06,16,37,0,Day,Sunday
14251,A,P05,31,30,1,Day,Friday
14252,B,P06,22,44,1,Night,Saturday
14253,A,P01,17,35,1,Night,Wednesday
14254,B,P07,34,53,0,Day,Tuesday
14255,D,P01,17,58,0,Night,Wednesday
14256,D,P06,38,48,2,Day,Sunday
14257,B,P08,34,26,1,Night,Friday
14258,B,P03,29,57,0,Night,Wednesday
14259,C,P02,6,57,0,Day,Tuesday
14260,C,P07,22,42,0,Day,Tuesday
14261,C,P03,9,55,0,Day,Monday
14262,D,P06,23,36,0,Night,Sunday
14263,C,P02,22,23,0,Night,Tuesday
14264,A,P04,36,34,1,Day,Thursday
14265,A,P03,25,59,0,Day,Friday
14266,C,P03,14,27,0,Night,Thursday
14267,A,P06,26,41,0,Day,Saturday
14268,D,P05,17,42,1,Night,Thursday
14269,A,P06,21,36,0,Night,Friday
14270,D,P03,13,37,0,Day,Saturday
14271,B,P02,28,42,0,Night,Thursday
14272,B,P08,18,36,2,Night,Thursday
14273,B,P05,12,27,0,Night,Sunday
14274,B,P06,23,44,2,Night,Saturday
14275,A,P08,32,52,2,Day,Thursday
14276,C,P07,34,50,0,Night,Tuesday
14277,A,P06,11,33,0,Day,Friday
14278,D,P03,30,29,0,Night,Friday
14279,A,P08,15,39,1,Day,Friday
14280,A,P03,18,57,1,Night,Thursday
14281,D,P04,25,48,1,Night,Tuesday
14282,B,P08,12,49,2,Day,Friday
14283,B,P08,7,50,0,Night,Wednesday
14284,B,P06,32,46,0,Day,Friday
14285,C,P03,33,43,0,Night,Monday
14286,D,P07,27,48,0,Day,Wednesday
14287,D,P01,22,36,0,Day,Friday
14288,A,P05,39,27,1,Night,Thursday
14289,C,P01,17,49,1,Night,Friday
14290,B,P05,16,54,1,Night,Tuesday
14291,C,P07,9,30,0,Night,Tuesday
14292,D,P08,15,50,0,Night,Friday
14293,D,P08,15,58,0,Night,Sunday
14294,A,P06,35,41,1,Night,Thursday
14295,A,P04,35,33,0,Night,Thursday
14296,D,P03,17,43,0,Night,Thursday
14297,B,P03,18,36,0,Day,Friday
14298,B,P03,29,35,0,Day,Friday
14299,C,P06,37,46,0,Day,Monday
14300,D,P05,37,25,1,Night,Tuesday
14301,D,P08,19,27,2,Day,Sunday
14302,B,P07,20,42,1,Night,Wednesday
14303,B,P03,10,41,0,Night,Wednesday
14304,D,P01,29,45,1,Night,Tuesday
14305,A,P03,19,60,0,Night,Saturday
14306,D,P08,8,43,1,Day,Monday
14307,D,P06,8,47,0,Day,Tuesday
14308,B,P07,34,32,0,Day,Monday
14309,B,P04,38,49,1,Night,Saturday
14310,A,P07,31,36,2,Night,Monday
14311,A,P01,35,42,1,Day,Thursday
14312,C,P03,36,40,1,Night,Tuesday
14313,D,P03,13,52,0,Day,Wednesday
14314,B,P02,12,28,1,Day,Friday
14315,A,P05,18,19,0,Day,Saturday
14316,C,P01,37,39,1,Night,Saturday
14317,C,P02,27,46,1,Day,Friday
14318,B,P07,25,43,2,Night,Tuesday
14319,B,P04,16,54,0,Day,Sunday
14320,C,P05,6,46,0,Night,Friday
14321,A,P01,17,36,0,Night,Monday
14322,C,P03,8,18,1,Day,Friday
14323,D,P07,24,39,0,Night,Monday
14324,D,P01,18,52,1,Night,Monday
14325,B,P03,34,38,1,Night,Wednesday
14326,A,P08,33,42,1,Day,Friday
14327,A,P05,12,46,0,Night,Sunday
14328,D,P08,16,31,0,Day,Wednesday
14329,C,P08,30,48,2,Day,Sunday
14330,B,P03,6,58,0,Night,Friday
14331,C,P04,18,40,1,Day,Sunday
14332,C,P07,10,30,0,Day,Monday
14333,C,P06,35,41,2,Day,Sunday
14334,A,P03,21,19,0,Day,Friday
14335,D,P04,29,45,0,Day,Saturday
14336,A,P06,36,46,0,Night,Saturday
14337,D,P07,16,58,0,Night,Wednesday
14338,B,P08,17,40,2,Day,Thursday
14339,B,P05,23,46,0,Day,Saturday
14340,C,P05,29,33,0,Night,Sunday
14341,D,P07,35,38,0,Night,Wednesday
14342,D,P07,29,26,0,Night,Sunday
14343,D,P01,20,40,2,Day,Thursday
14344,C,P04,27,38,0,Day,Tuesday
14345,C,P08,18,44,0,Night,Wednesday
14346,B,P04,10,35,2,Day,Saturday
14347,A,P07,29,42,0,Night,Saturday
14348,D,P02,27,38,0,Night,Friday
14349,D,P02,16,38,2,Day,Thursday
14350,A,P06,17,42,0,Night,Saturday
14351,D,P06,38,42,1,Night,Friday
14352,C,P02,10,49,2,Night,Thursday
14353,C,P07,12,40,0,Night,Wednesday
14354,D,P07,12,38,0,Night,Wednesday
14355,C,P06,37,40,0,Day,Friday
14356,C,P03,38,34,1,Night,Wednesday
14357,D,P07,19,38,1,Day,Friday
14358,B,P02,39,62,0,Day,Monday
14359,A,P04,26,32,0,Night,Sunday
14360,C,P07,27,39,0,Night,Thursday
14361,B,P08,26,38,1,Night,Friday
14362,C,P07,9,39,0,Day,Thursday
14363,C,P03,35,38,1,Day,Monday
14364,A,P06,17,44,1,Day,Thursday
14365,C,P07,32,24,0,Night,Friday
14366,A,P05,24,52,1,Night,Sunday
14367,A,P01,37,48,0,Night,Sunday
14368,A,P02,20,29,1,Night,Wednesday
14369,B,P08,33,19,2,Night,Sunday
14370,D,P08,27,32,0,Day,Sunday
14371,B,P08,28,39,1,Day,Thursday
14372,D,P05,38,67,0,Day,Thursday
14373,D,P08,11,47,0,Night,Saturday
14374,A,P08,8,23,1,Night,Saturday
14375,C,P06,38,35,1,Day,Monday
14376,A,P04,26,41,0,Night,Tuesday
14377,C,P01,9,44,0,Day,Sunday
14378,D,P05,27,28,1,Night,Wednesday
14379,A,P01,19,40,0,Night,Sunday
14380,C,P02,35,34,0,Night,Friday
14381,B,P06,13,30,2,Night,Monday
14382,C,P07,29,44,0,Day,Friday
14383,A,P04,29,49,0,Night,Friday
14384,B,P06,25,50,0,Day,Thursday
14385,C,P01,13,47,0,Day,Monday
14386,C,P05,26,37,1,Day,Monday
14387,C,P02,27,49,1,Day,Saturday
14388,C,P02,8,45,0,Day,Wednesday
14389,C,P06,33,43,0,Night,Tuesday
14390,B,P07,19,35,2,Day,Friday
14391,D,P05,5,37,0,Day,Sunday
14392,B,P07,34,42,0,Day,Wednesday
14393,B,P07,33,66,0,Day,Sunday
14394,B,P08,24,45,0,Day,Saturday
14395,D,P05,37,35,0,Night,Wednesday
14396,A,P01,26,33,0,Day,Friday
14397,D,P06,17,37,1,Night,Thursday
14398,B,P06,11,63,0,Day,Thursday
14399,C,P08,12,38,0,Night,Friday
14400,C,P03,32,51,0,Night,Saturday
14401,B,P06,13,38,2,Night,Saturday
14402,C,P02,29,44,0,Night,Monday
14403,B,P01,20,49,0,Night,Tuesday
14404,C,P05,14,36,0,Night,Sunday
14405,D,P06,15,35,0,Night,Thursday
14406,A,P01,35,58,0,Day,Tuesday
14407,A,P08,16,51,0,Night,Wednesday
14408,D,P06,35,49,0,Day,Sunday
14409,D,P05,18,49,0,Day,Sunday
14410,B,P04,36,46,0,Day,Sunday
14411,B,P05,21,62,0,Night,Wednesday
14412,B,P05,39,42,0,Day,Friday
14413,C,P05,5,47,1,Night,Friday
14414,B,P06,33,27,1,Night,Friday
14415,D,P03,8,33,1,Night,Sunday
14416,A,P05,27,29,0,Day,Saturday
14417,C,P08,32,54,1,Day,Thursday
14418,B,P02,20,16,1,Night,Tuesday
14419,C,P02,16,37,0,Night,Wednesday
14420,C,P08,25,12,0,Night,Tuesday
14421,B,P01,21,33,0,Night,Thursday
14422,C,P03,17,37,1,Day,Sunday
14423,A,P01,36,55,1,Day,Tuesday
14424,D,P08,19,45,0,Day,Sunday
14425,D,P02,16,33,2,Day,Tuesday
14426,A,P07,19,52,2,Day,Saturday
14427,C,P02,38,42,0,Night,Friday
14428,B,P04,10,42,1,Night,Saturday
14429,C,P05,21,29,1,Day,Saturday
14430,A,P07,24,32,0,Night,Sunday
14431,C,P02,13,33,0,Day,Tuesday
14432,D,P06,9,42,0,Night,Tuesday
14433,C,P06,27,42,0,Night,Saturday
14434,A,P01,37,57,0,Night,Tuesday
14435,D,P07,18,45,1,Day,Saturday
14436,C,P01,21,14,0,Day,Monday
14437,C,P05,23,44,0,Day,Saturday
14438,D,P05,37,27,0,Night,Wednesday
14439,B,P04,5,32,0,Night,Wednesday
14440,D,P08,17,33,2,Night,Tuesday
14441,B,P08,31,35,0,Night,Saturday
14442,A,P03,10,28,0,Night,Saturday
14443,A,P01,10,44,1,Day,Friday
14444,D,P05,37,27,0,Day,Sunday
14445,D,P08,34,45,2,Night,Friday
14446,A,P01,39,64,2,Day,Friday
14447,B,P05,27,28,2,Night,Saturday
14448,A,P02,14,39,0,Night,Saturday
14449,D,P01,23,16,1,Day,Wednesday
14450,A,P02,32,38,0,Night,Thursday
14451,D,P01,27,48,0,Day,Tuesday
14452,D,P03,8,49,0,Day,Wednesday
14453,A,P04,24,42,0,Day,Friday
14454,B,P06,23,50,1,Night,Wednesday
14455,C,P08,31,67,2,Day,Wednesday
14456,A,P06,38,59,0,Night,Wednesday
14457,C,P06,8,36,1,Night,Friday
14458,A,P02,11,27,0,Night,Thursday
14459,C,P07,11,37,0,Night,Monday
14460,B,P05,30,32,0,Night,Tuesday
14461,B,P06,30,46,0,Night,Tuesday
14462,A,P03,23,30,0,Night,Sunday
14463,D,P06,13,41,2,Night,Wednesday
14464,C,P01,24,50,0,Day,Thursday
14465,D,P02,20,40,2,Day,Friday
14466,D,P07,21,32,1,Night,Monday
14467,D,P01,26,53,1,Night,Monday
14468,B,P07,17,23,1,Day,Wednesday
14469,A,P01,16,38,0,Day,Wednesday
14470,A,P01,14,41,1,Day,Friday
14471,B,P08,5,42,0,Day,Sunday
14472,B,P04,36,43,1,Day,Friday
14473,A,P04,34,48,1,Day,Saturday
14474,D,P05,12,41,0,Night,Friday
14475,C,P02,25,38,0,Day,Wednesday
14476,C,P03,26,37,1,Day,Thursday
14477,C,P03,22,35,2,Day,Wednesday
14478,D,P03,6,49,1,Day,Sunday
14479,A,P08,13,35,1,Night,Wednesday
14480,B,P01,7,50,1,Night,Monday
14481,A,P04,30,42,0,Night,Friday
14482,D,P02,25,36,0,Night,Tuesday
14483,B,P01,34,48,2,Night,Friday
14484,D,P07,32,34,0,Night,Saturday
14485,C,P04,30,48,1,Night,Thursday
14486,C,P04,38,44,0,Night,Thursday
14487,D,P06,12,36,0,Day,Friday
14488,B,P06,14,47,0,Day,Friday
14489,B,P08,18,47,0,Night,Wednesday
14490,A,P02,19,53,0,Night,Tuesday
14491,C,P07,21,51,0,Night,Sunday
14492,A,P02,22,46,0,Day,Wednesday
14493,A,P02,36,30,0,Night,Monday
14494,D,P08,27,66,0,Night,Monday
14495,D,P08,27,27,1,Night,Thursday
14496,A,P01,39,51,0,Night,Thursday
14497,C,P05,19,46,1,Day,Tuesday
14498,D,P08,28,30,0,Night,Thursday
14499,A,P02,32,40,1,Day,Saturday
14500,A,P06,20,41,0,Day,Monday
14501,A,P05,20,55,0,Night,Tuesday
14502,A,P01,10,34,0,Day,Monday
14503,A,P05,6,39,0,Night,Friday
14504,A,P03,17,18,0,Day,Friday
14505,D,P07,13,59,0,Night,Tuesday
14506,C,P05,38,31,0,Day,Wednesday
14507,A,P02,21,45,0,Day,Saturday
14508,B,P01,31,40,0,Night,Sunday
14509,D,P07,33,41,0,Day,Saturday
14510,D,P02,26,50,1,Night,Sunday
14511,A,P07,28,58,1,Night,Thursday
14512,D,P06,11,44,0,Day,Sunday
14513,A,P03,38,48,0,Night,Tuesday
14514,C,P06,16,45,0,Night,Saturday
14515,C,P02,27,52,2,Night,Sunday
14516,D,P02,19,37,2,Night,Thursday
14517,D,P02,37,52,0,Day,Monday
14518,B,P04,17,53,1,Day,Sunday
14519,D,P03,27,52,0,Day,Wednesday
14520,B,P07,36,35,0,Night,Thursday
14521,C,P08,39,40,1,Day,Friday
14522,C,P02,5,44,0,Day,Sunday
14523,A,P02,9,28,0,Day,Friday
14524,C,P07,17,57,0,Night,Monday
14525,B,P08,9,41,0,Day,Tuesday
14526,D,P06,36,44,2,Night,Thursday
14527,A,P06,25,36,0,Day,Sunday
14528,B,P02,28,28,1,Day,Sunday
14529,D,P01,22,35,0,Night,Monday
14530,A,P04,25,44,0,Day,Sunday
14531,C,P06,14,48,1,Night,Friday
14532,B,P01,28,43,0,Night,Sunday
14533,D,P04,25,45,0,Day,Sunday
14534,A,P02,29,38,1,Night,Friday
14535,A,P03,27,46,0,Night,Friday
14536,C,P05,26,56,1,Night,Wednesday
14537,D,P05,8,49,0,Night,Wednesday
14538,C,P02,38,50,1,Day,Friday
14539,C,P06,10,44,1,Night,Saturday
14540,D,P01,32,26,1,Night,Tuesday
14541,D,P03,35,31,1,Day,Wednesday
14542,D,P07,39,46,0,Day,Thursday
14543,B,P04,27,41,1,Day,Wednesday
14544,D,P02,10,46,1,Night,Thursday
14545,A,P03,20,58,0,Night,Wednesday
14546,C,P08,6,49,1,Night,Friday
14547,B,P03,28,54,0,Night,Sunday
14548,D,P06,21,42,2,Day,Thursday
14549,B,P08,5,33,1,Day,Sunday
14550,D,P04,10,41,1,Night,Sunday
14551,B,P08,9,33,0,Night,Tuesday
14552,C,P03,33,57,2,Night,Wednesday
14553,C,P06,16,49,1,Night,Wednesday
14554,A,P08,7,47,0,Day,Friday
14555,A,P01,5,54,1,Day,Thursday
14556,D,P06,31,21,0,Day,Saturday
14557,C,P01,28,47,0,Day,Friday
14558,B,P01,23,28,0,Night,Sunday
14559,B,P08,12,41,2,Day,Thursday
14560,B,P08,6,38,2,Night,Wednesday
14561,A,P07,34,48,0,Day,Wednesday
14562,B,P07,34,44,1,Day,Wednesday
14563,A,P03,36,55,0,Night,Wednesday
14564,A,P06,5,35,1,Day,Monday
14565,D,P07,17,49,2,Day,Wednesday
14566,B,P01,15,43,0,Day,Wednesday
14567,B,P07,14,25,0,Day,Saturday
14568,C,P04,30,32,2,Night,Saturday
14569,D,P03,24,40,0,Day,Thursday
14570,C,P06,21,53,0,Day,Sunday
14571,D,P06,21,46,2,Day,Wednesday
14572,B,P05,8,30,0,Night,Wednesday
14573,A,P06,9,40,1,Night,Thursday
14574,A,P03,27,62,1,Day,Sunday
14575,A,P04,14,43,1,Day,Wednesday
14576,A,P06,32,38,0,Day,Wednesday
14577,A,P05,37,46,1,Night,Friday
14578,C,P03,30,49,0,Day,Monday
14579,D,P01,33,37,1,Day,Thursday
14580,B,P02,31,47,1,Night,Friday
14581,C,P02,22,38,0,Night,Saturday
14582,D,P01,14,49,2,Night,Sunday
14583,A,P07,9,43,1,Day,Tuesday
14584,D,P06,14,46,0,Day,Tuesday
14585,D,P08,25,34,0,Day,Saturday
14586,A,P02,28,33,0,Night,Monday
14587,A,P07,7,51,0,Day,Sunday
14588,A,P02,35,41,0,Day,Sunday
14589,B,P01,6,44,0,Night,Tuesday
14590,A,P06,6,38,0,Night,Monday
14591,B,P06,38,50,1,Day,Tuesday
14592,A,P07,24,35,1,Night,Tuesday
14593,B,P01,37,40,1,Day,Sunday
14594,D,P07,8,49,0,Day,Friday
14595,C,P06,15,53,1,Day,Sunday
14596,D,P08,9,36,0,Night,Tuesday
14597,D,P06,29,61,1,Day,Sunday
14598,A,P03,38,45,0,Night,Saturday
14599,B,P08,13,31,0,Night,Monday
14600,C,P07,10,45,2,Night,Wednesday
14601,A,P03,22,38,1,Night,Sunday
14602,A,P01,18,46,0,Day,Sunday
14603,A,P04,23,41,0,Night,Wednesday
14604,D,P02,18,42,0,Day,Wednesday
14605,B,P03,21,32,0,Day,Monday
14606,B,P02,39,51,0,Day,Monday
14607,C,P05,33,30,0,Day,Wednesday
14608,B,P01,21,30,0,Night,Saturday
14609,B,P04,12,45,0,Night,Tuesday
14610,A,P05,5,58,2,Day,Wednesday
14611,A,P05,11,38,1,Day,Thursday
14612,D,P06,9,49,0,Day,Sunday
14613,A,P05,28,52,0,Night,Monday
14614,A,P01,32,50,0,Night,Thursday
14615,A,P03,21,38,1,Day,Thursday
14616,A,P01,24,31,2,Day,Monday
14617,D,P03,7,19,0,Day,Sunday
14618,A,P05,30,39,0,Night,Wednesday
14619,C,P05,19,53,1,Day,Saturday
14620,C,P08,12,30,0,Night,Friday
14621,C,P04,17,49,2,Night,Thursday
14622,C,P03,7,32,2,Night,Wednesday
14623,A,P05,5,43,0,Day,Friday
14624,C,P06,13,49,1,Night,Sunday
14625,A,P08,35,35,0,Night,Thursday
14626,D,P02,30,43,2,Day,Wednesday
14627,C,P08,21,37,1,Day,Thursday
14628,B,P04,38,49,0,Day,Wednesday
14629,C,P01,13,44,0,Night,Sunday
14630,C,P04,17,42,0,Night,Saturday
14631,A,P02,9,57,1,Day,Sunday
14632,C,P08,17,48,0,Night,Tuesday
14633,B,P03,5,35,2,Day,Tuesday
14634,A,P01,29,41,1,Day,Sunday
14635,A,P01,8,41,0,Night,Monday
14636,D,P03,14,42,0,Night,Friday
14637,D,P07,32,67,0,Night,Sunday
14638,C,P07,10,45,0,Night,Sunday
14639,D,P04,31,21,0,Day,Thursday
14640,D,P05,16,36,0,Day,Thursday
14641,D,P07,7,22,0,Night,Wednesday
14642,A,P04,37,38,1,Night,Friday
14643,A,P07,14,22,2,Night,Thursday
14644,A,P02,35,33,1,Day,Friday
14645,D,P06,19,26,1,Day,Sunday
14646,A,P05,11,45,1,Night,Friday
14647,D,P04,18,42,1,Day,Tuesday
14648,A,P06,18,45,2,Day,Thursday
14649,A,P06,7,40,0,Day,Thursday
14650,B,P08,7,28,2,Day,Monday
14651,C,P07,26,47,0,Night,Friday
14652,D,P08,23,61,0,Night,Wednesday
14653,B,P03,39,46,0,Night,Tuesday
14654,A,P02,16,37,0,Night,Sunday
14655,D,P02,9,27,1,Day,Monday
14656,A,P02,14,32,1,Night,Tuesday
14657,C,P05,37,46,1,Night,Wednesday
14658,B,P01,17,52,0,Night,Monday
14659,C,P05,39,44,0,Night,Tuesday
14660,B,P04,36,49,0,Night,Wednesday
14661,A,P06,15,49,0,Day,Saturday
14662,C,P06,28,47,0,Night,Monday
14663,C,P08,39,35,1,Day,Wednesday
14664,A,P01,23,43,0,Day,Monday
14665,C,P04,10,33,0,Day,Thursday
14666,D,P01,39,42,2,Day,Thursday
14667,B,P06,8,45,0,Day,Tuesday
14668,B,P07,37,58,0,Day,Friday
14669,B,P05,17,28,1,Night,Saturday
14670,D,P02,23,46,0,Day,Sunday
14671,B,P06,16,56,2,Night,Friday
14672,A,P03,15,49,0,Day,Sunday
14673,C,P02,10,50,1,Day,Sunday
14674,D,P06,16,47,0,Day,Sunday
14675,B,P05,31,54,0,Night,Wednesday
14676,A,P01,29,31,0,Day,Monday
14677,C,P07,7,28,2,Day,Thursday
14678,C,P07,7,41,1,Night,Friday
14679,D,P02,24,20,0,Day,Sunday
14680,D,P05,32,54,1,Day,Thursday
14681,D,P07,27,54,0,Day,Sunday
14682,A,P07,7,37,2,Night,Saturday
14683,A,P04,28,38,0,Day,Wednesday
14684,D,P03,10,41,0,Day,Saturday
14685,B,P02,24,42,1,Night,Saturday
14686,C,P01,15,43,1,Night,Wednesday
14687,C,P07,36,47,0,Day,Monday
14688,A,P04,31,40,1,Day,Saturday
14689,C,P05,25,51,1,Day,Friday
14690,B,P07,17,46,2,Day,Sunday
14691,C,P08,26,35,1,Night,Wednesday
14692,A,P03,39,55,0,Night,Wednesday
14693,A,P01,26,28,1,Night,Sunday
14694,B,P05,32,41,0,Day,Thursday
14695,B,P05,25,51,0,Night,Tuesday
14696,C,P02,22,34,0,Night,Saturday
14697,C,P07,35,45,0,Day,Friday
14698,A,P02,25,47,1,Day,Monday
14699,B,P01,18,33,2,Day,Saturday
14700,B,P08,29,41,1,Day,Sunday
14701,B,P07,31,40,0,Day,Monday
14702,C,P06,27,36,0,Day,Thursday
14703,B,P07,35,65,1,Night,Saturday
14704,A,P08,33,34,0,Day,Monday
14705,A,P06,34,52,0,Day,Saturday
14706,C,P05,30,38,0,Night,Wednesday
14707,D,P02,24,31,2,Night,Saturday
14708,C,P03,23,43,0,Night,Friday
14709,D,P07,31,48,1,Night,Saturday
14710,B,P03,29,51,0,Night,Monday
14711,C,P07,27,57,1,Day,Friday
14712,A,P05,33,71,0,Day,Monday
14713,B,P02,19,44,0,Night,Sunday
14714,A,P01,7,35,0,Night,Sunday
14715,B,P01,14,46,0,Night,Tuesday
14716,C,P01,19,39,0,Night,Tuesday
14717,D,P07,20,51,0,Day,Friday
14718,B,P07,21,29,0,Night,Sunday
14719,D,P03,23,65,1,Night,Tuesday
14720,B,P02,15,50,0,Day,Tuesday
14721,A,P08,9,25,0,Day,Wednesday
14722,A,P07,9,34,0,Day,Monday
14723,B,P02,18,50,2,Night,Tuesday
14724,D,P03,30,53,1,Night,Friday
14725,C,P07,12,29,2,Day,Wednesday
14726,C,P01,9,49,2,Night,Sunday
14727,A,P01,11,22,0,Night,Tuesday
14728,C,P05,20,41,2,Day,Saturday
14729,A,P06,18,53,0,Day,Sunday
14730,C,P04,8,36,0,Day,Friday
14731,B,P08,21,26,1,Night,Monday
14732,A,P06,10,43,0,Day,Sunday
14733,A,P07,20,35,0,Night,Saturday
14734,B,P02,33,48,0,Night,Sunday
14735,A,P07,14,33,0,Night,Tuesday
14736,C,P02,33,34,1,Day,Friday
14737,C,P02,18,21,2,Day,Saturday
14738,A,P06,8,43,1,Day,Friday
14739,C,P04,17,40,0,Night,Thursday
14740,D,P05,22,30,2,Day,Sunday
14741,A,P06,37,43,0,Day,Saturday
14742,B,P04,25,52,1,Night,Friday
14743,D,P01,20,39,1,Night,Saturday
14744,A,P01,19,44,0,Day,Thursday
14745,B,P02,9,44,0,Day,Monday
14746,C,P03,10,29,2,Night,Monday
14747,B,P07,7,62,1,Night,Sunday
14748,D,P07,16,37,0,Night,Wednesday
14749,C,P02,37,48,2,Day,Saturday
14750,A,P03,37,49,2,Day,Thursday
14751,C,P08,35,40,2,Night,Friday
14752,A,P04,25,48,2,Day,Wednesday
14753,A,P08,31,44,0,Day,Saturday
14754,B,P08,31,27,0,Day,Wednesday
14755,B,P01,12,38,0,Night,Saturday
14756,B,P08,36,35,0,Day,Sunday
14757,D,P07,30,37,0,Night,Sunday
14758,D,P06,6,28,0,Day,Monday
14759,B,P03,16,53,2,Night,Friday
14760,D,P04,26,58,2,Night,Thursday
14761,C,P01,21,51,1,Day,Sunday
14762,C,P08,11,54,0,Day,Monday
14763,D,P06,8,38,1,Night,Wednesday
14764,D,P03,36,35,1,Night,Tuesday
14765,C,P02,15,34,1,Day,Sunday
14766,A,P02,5,48,1,Night,Wednesday
14767,C,P02,29,44,0,Night,Tuesday
14768,C,P07,28,41,0,Day,Saturday
14769,D,P04,21,54,2,Day,Monday
14770,C,P02,12,46,0,Day,Saturday
14771,D,P07,31,33,1,Day,Thursday
14772,D,P05,22,35,0,Night,Friday
14773,B,P07,31,48,2,Day,Sunday
14774,C,P01,26,52,0,Day,Tuesday
14775,A,P07,20,47,1,Day,Sunday
14776,B,P04,6,60,1,Day,Friday
14777,D,P06,9,58,0,Night,Saturday
14778,D,P08,22,46,2,Night,Monday
14779,A,P07,7,33,0,Day,Monday
14780,D,P02,31,28,0,Day,Saturday
14781,C,P01,21,38,0,Day,Saturday
14782,B,P03,20,49,0,Day,Monday
14783,D,P02,10,60,0,Night,Thursday
14784,D,P01,11,46,0,Night,Tuesday
14785,A,P05,18,53,2,Night,Friday
14786,C,P08,19,39,1,Night,Wednesday
14787,D,P03,37,48,1,Day,Sunday
14788,A,P05,31,50,2,Night,Saturday
14789,D,P06,33,22,0,Night,Saturday
14790,A,P01,9,37,2,Day,Sunday
14791,A,P05,33,51,0,Night,Monday
14792,C,P08,36,44,0,Night,Friday
14793,D,P08,10,30,1,Night,Friday
14794,C,P06,6,17,2,Day,Thursday
14795,A,P08,10,38,1,Day,Tuesday
14796,B,P01,8,41,1,Day,Thursday
14797,D,P01,33,33,0,Day,Thursday
14798,B,P08,29,43,0,Night,Friday
14799,D,P05,13,47,1,Night,Tuesday
14800,C,P01,7,48,1,Day,Tuesday
14801,C,P02,30,18,0,Day,Tuesday
14802,C,P08,31,28,0,Day,Sunday
14803,C,P01,36,38,0,Night,Monday
14804,C,P04,5,47,1,Night,Tuesday
14805,B,P06,20,46,1,Day,Friday
14806,C,P08,15,46,2,Day,Sunday
14807,A,P01,30,38,1,Day,Monday
14808,A,P04,5,38,0,Day,Wednesday
14809,B,P01,30,34,0,Day,Saturday
14810,D,P01,32,49,0,Day,Thursday
14811,A,P05,13,32,1,Day,Tuesday
14812,D,P02,26,50,0,Day,Wednesday
14813,B,P08,12,44,0,Night,Tuesday
14814,D,P06,31,41,0,Day,Thursday
14815,D,P08,23,35,0,Night,Friday
14816,D,P02,29,28,0,Day,Friday
14817,D,P03,25,35,0,Night,Thursday
14818,B,P05,28,38,0,Day,Wednesday
14819,A,P05,28,18,1,Day,Monday
14820,C,P02,23,40,0,Night,Saturday
14821,D,P07,6,51,0,Day,Saturday
14822,A,P05,18,47,2,Night,Saturday
14823,A,P08,36,37,2,Night,Monday
14824,B,P02,36,42,0,Night,Tuesday
14825,A,P05,32,36,2,Day,Thursday
14826,B,P01,17,43,1,Night,Thursday
14827,D,P02,16,57,1,Day,Monday
14828,D,P02,12,51,1,Night,Wednesday
14829,C,P08,19,47,0,Day,Saturday
14830,C,P04,30,37,1,Night,Sunday
14831,C,P05,16,49,0,Night,Thursday
14832,A,P05,31,25,2,Day,Friday
14833,D,P02,22,39,1,Day,Friday
14834,B,P01,31,47,1,Day,Sunday
14835,C,P01,13,49,0,Day,Thursday
14836,B,P06,5,48,0,Day,Saturday
14837,B,P01,11,44,0,Day,Saturday
14838,C,P05,30,40,1,Day,Saturday
14839,D,P07,11,47,1,Day,Wednesday
14840,C,P04,11,32,2,Day,Friday
14841,B,P02,12,33,0,Night,Wednesday
14842,C,P03,20,42,2,Night,Monday
14843,B,P04,7,43,0,Night,Tuesday
14844,B,P08,14,23,1,Night,Saturday
14845,C,P08,11,46,0,Day,Monday
14846,A,P07,25,49,0,Night,Tuesday
14847,C,P03,35,41,0,Night,Sunday
14848,A,P04,27,65,0,Night,Friday
14849,B,P01,31,35,0,Day,Tuesday
14850,B,P05,26,38,0,Day,Tuesday
14851,A,P07,31,38,0,Night,Thursday
14852,B,P03,8,41,0,Night,Tuesday
14853,A,P07,28,38,0,Night,Thursday
14854,A,P04,27,27,0,Day,Tuesday
14855,B,P05,23,36,1,Night,Thursday
14856,D,P07,7,41,0,Night,Friday
14857,A,P03,31,54,0,Day,Friday
14858,C,P02,7,64,0,Night,Tuesday
14859,C,P04,32,55,1,Night,Sunday
14860,B,P02,21,34,1,Night,Sunday
14861,D,P01,35,35,0,Night,Wednesday
14862,B,P02,14,40,0,Night,Sunday
14863,D,P02,26,59,0,Night,Friday
14864,A,P06,34,40,0,Night,Monday
14865,A,P04,25,28,2,Night,Sunday
14866,A,P01,27,36,1,Day,Monday
14867,A,P02,16,49,0,Night,Thursday
14868,C,P08,29,48,0,Night,Wednesday
14869,C,P05,24,39,1,Night,Saturday
14870,B,P03,11,48,0,Day,Thursday
14871,D,P02,33,19,1,Night,Tuesday
14872,A,P01,33,43,2,Day,Sunday
14873,A,P02,17,50,1,Night,Friday
14874,D,P03,7,33,0,Day,Wednesday
14875,D,P01,6,33,2,Day,Thursday
14876,B,P04,20,23,1,Day,Thursday
14877,D,P01,34,57,1,Night,Monday
14878,A,P04,10,34,1,Night,Tuesday
14879,A,P01,11,44,0,Day,Thursday
14880,A,P08,9,48,1,Night,Monday
14881,A,P07,11,57,0,Day,Wednesday
14882,A,P03,38,40,0,Night,Thursday
14883,B,P03,36,36,2,Night,Saturday
14884,A,P01,17,43,2,Day,Saturday
14885,B,P07,34,54,1,Day,Monday
14886,A,P02,29,40,1,Night,Saturday
14887,C,P03,25,32,0,Day,Tuesday
14888,C,P08,25,26,0,Day,Friday
14889,C,P04,32,29,1,Night,Saturday
14890,C,P04,24,50,0,Day,Wednesday
14891,B,P05,38,38,0,Night,Thursday
14892,B,P06,9,35,1,Night,Monday
14893,D,P07,22,34,2,Day,Thursday
14894,A,P06,15,42,0,Day,Friday
14895,C,P06,21,39,2,Day,Thursday
14896,B,P04,26,39,2,Night,Thursday
14897,A,P08,24,55,0,Day,Monday
14898,A,P08,10,57,2,Night,Friday
14899,B,P05,38,25,0,Day,Wednesday
14900,C,P06,18,45,0,Day,Monday
14901,D,P06,27,34,2,Night,Sunday
14902,A,P01,24,39,1,Day,Friday
14903,D,P01,17,45,1,Day,Friday
14904,C,P01,36,39,1,Night,Thursday
14905,C,P02,30,44,2,Day,Tuesday
14906,D,P06,18,48,0,Day,Tuesday
14907,C,P08,12,44,2,Night,Wednesday
14908,A,P08,26,35,1,Day,Thursday
14909,D,P02,26,35,0,Day,Tuesday
14910,C,P08,20,27,0,Night,Monday
14911,D,P05,31,33,2,Day,Wednesday
14912,A,P07,14,61,0,Day,Thursday
14913,C,P04,29,34,0,Day,Saturday
14914,A,P06,35,30,0,Night,Monday
14915,C,P08,25,45,0,Day,Tuesday
14916,B,P04,31,40,0,Night,Tuesday
14917,C,P08,21,40,1,Day,Tuesday
14918,D,P07,37,56,1,Day,Tuesday
14919,C,P01,35,47,1,Day,Friday
14920,A,P06,30,36,0,Day,Saturday
14921,A,P03,25,37,1,Day,Wednesday
14922,C,P02,5,36,0,Day,Wednesday
14923,D,P02,8,50,0,Day,Tuesday
14924,B,P06,8,38,0,Day,Wednesday
14925,D,P07,30,24,2,Day,Saturday
14926,B,P01,8,41,0,Night,Monday
14927,A,P02,13,26,2,Day,Monday
14928,D,P01,34,63,0,Night,Sunday
14929,B,P05,8,32,0,Night,Wednesday
14930,C,P04,9,40,1,Day,Tuesday
14931,A,P07,27,44,0,Night,Thursday
14932,C,P03,20,39,2,Night,Saturday
14933,A,P04,26,39,1,Night,Tuesday
14934,D,P04,12,46,0,Night,Friday
14935,D,P05,37,57,0,Day,Thursday
14936,A,P02,20,49,0,Night,Saturday
14937,A,P03,9,56,0,Day,Friday
14938,A,P02,20,31,0,Night,Wednesday
14939,D,P06,11,45,0,Night,Friday
14940,B,P04,5,43,1,Night,Wednesday
14941,C,P06,13,45,1,Day,Friday
14942,C,P01,22,55,0,Day,Thursday
14943,D,P04,7,39,0,Day,Friday
14944,C,P02,28,37,0,Day,Tuesday
14945,A,P04,32,47,1,Night,Wednesday
14946,B,P01,14,24,2,Day,Monday
14947,C,P05,13,39,1,Night,Friday
14948,B,P06,17,40,1,Day,Wednesday
14949,A,P08,39,32,0,Night,Monday
14950,C,P06,27,52,1,Night,Wednesday
14951,D,P02,21,31,2,Day,Sunday
14952,B,P04,11,40,1,Night,Wednesday
14953,A,P02,20,44,2,Night,Monday
14954,B,P05,24,55,1,Night,Monday
14955,C,P04,28,41,2,Night,Thursday
14956,C,P08,9,51,1,Night,Saturday
14957,D,P04,10,49,1,Day,Sunday
14958,A,P08,32,43,0,Day,Friday
14959,A,P02,9,31,0,Night,Friday
14960,D,P02,6,27,0,Night,Sunday
14961,D,P01,25,43,0,Day,Wednesday
14962,A,P07,22,36,1,Day,Sunday
14963,B,P07,16,51,1,Day,Tuesday
14964,B,P05,21,49,0,Night,Tuesday
14965,D,P07,19,40,0,Night,Saturday
14966,B,P01,11,30,1,Day,Wednesday
14967,A,P06,18,47,0,Day,Thursday
14968,C,P08,5,31,1,Day,Monday
14969,C,P04,7,34,1,Night,Wednesday
14970,B,P02,35,32,0,Night,Friday
14971,D,P04,17,40,2,Night,Tuesday
14972,D,P04,22,53,1,Day,Tuesday
14973,D,P03,21,41,0,Night,Tuesday
14974,D,P06,21,37,0,Day,Thursday
14975,D,P03,15,26,0,Day,Friday
14976,B,P07,24,47,0,Day,Thursday
14977,C,P04,14,34,0,Night,Monday
14978,C,P08,33,43,0,Night,Wednesday
14979,B,P02,38,38,1,Night,Wednesday
14980,D,P08,21,50,0,Night,Sunday
14981,B,P04,17,40,0,Night,Tuesday
14982,C,P06,31,41,1,Night,Sunday
14983,A,P08,30,46,0,Day,Tuesday
14984,B,P03,32,63,1,Day,Monday
14985,D,P02,17,50,1,Night,Thursday
14986,C,P04,16,41,2,Night,Saturday
14987,C,P05,32,42,1,Night,Saturday
14988,C,P06,6,36,0,Day,Saturday
14989,C,P06,38,32,0,Night,Friday
14990,D,P05,27,36,0,Day,Monday
14991,A,P08,33,34,0,Night,Wednesday
14992,C,P04,39,48,2,Day,Wednesday
14993,B,P06,15,31,0,Day,Thursday
14994,A,P02,37,55,0,Night,Sunday
14995,C,P04,15,49,0,Day,Monday
14996,A,P04,13,42,0,Day,Friday
14997,B,P03,18,42,0,Day,Monday
14998,C,P06,13,36,1,Day,Monday
14999,B,P06,7,44,0,Night,Thursday
15000,D,P05,33,52,0,Day,Friday
